部屋主,順番,曲名（ファイル名）,作品名,歌手名,歌った人,コメント,取得日
芝ちゃん部屋,101,アナタノオト,マクロスF IN,中島愛,Betty,,2026/01/12
芝ちゃん部屋,100,裏切りの夕焼け,デュラララ,THEATRE BROOK,こま,,2026/01/12
芝ちゃん部屋,99,ED,マクロスΔ][God Bless You ワルキューレ(鈴木みのり JUNNA 安野希世乃 東山奈央 西田望見,2016Q3,みにゅ,,2026/01/12
芝ちゃん部屋,98,ずっと君のそばで,烈火の炎 Ed,増田ゆき,芝ちゃん,,2026/01/12
芝ちゃん部屋,97,ホシキラ,マクロスF 恋離飛翼～サヨナラノツバサ～ ED 1,中島愛,Betty,,2026/01/12
芝ちゃん部屋,96,RAGE OF DUST,機動戦士ガンダム 鉄血のオルフェンズ,SPYAIR,こま,,2026/01/12
芝ちゃん部屋,95,ノーザンクロス【パート分け有】,マクロスF ED 2,May'n,みにゅ,,2026/01/12
芝ちゃん部屋,94,Indomitable,るRWBY Vol.6,Jeff Williams Feat.Casey Lee Williams,やん,,2026/01/12
芝ちゃん部屋,93,おサカナになりたい～1000Wに願いを～,ときめきメモリアル Im,虹野沙希(CV. 菅原祥子),芝ちゃん,,2026/01/12
芝ちゃん部屋,92,雲雀,ロード・エルメロイⅡ世の事件簿 魔眼蒐集列車 Grace note ED,ASCA,Betty,,2026/01/12
芝ちゃん部屋,91,君が見た夢の物語,ロード・エルメロイⅡ世の事件簿 魔眼蒐集列車 Grace note ED,ASCA,みにゅ,,2026/01/12
芝ちゃん部屋,90,Gold,ビルディバイド -#FFFFFF- OP,EGOIST,やん,,2026/01/12
芝ちゃん部屋,89,ラブ chu ユー!!,アニマル横町 Op,りぼんガール,芝ちゃん,,2026/01/12
芝ちゃん部屋,88,cold rain【MV】,魔道祖師 前塵編 ED2,Aimer,Betty,,2026/01/12
芝ちゃん部屋,87,Sunrise Prism,帝乃三姉妹は案外、チョロい。 Ed,帝乃三和(青山吉能),みにゅ,,2026/01/12
芝ちゃん部屋,86,Stand Proud(English Ver.),ジョジョの奇妙な冒険 第三部,Jonathan Young,やん,,2026/01/12
なぎ部屋,85,いつかの、いくつかのきみとのせかい(Ver2),僕らはみんな河合荘,fhána,なぎ,,2026/01/12
芝ちゃん部屋,85,願いごと,どうせ、恋してしまうんだ ED,マルシィ,芝ちゃん,,2026/01/12
なぎ部屋,84,Stare In Wonder,ワンダンス OP,BE:FIRST,ゆに,,2026/01/12
芝ちゃん部屋,84,【忘却バッテリー】[op]ライラック／Mrs. GREEN APPLE(on-off) ※複合MAD ytbママ_bb235 (On-Off),-,,ブルーベリー,おつかれさまでした,2026/01/12
なぎ部屋,83,旅しよ! don't you【パート分け有・10話映像まで_bb129】,ざつ旅-That's Journey- op,harmoe(on-off),みぃちゃん,旅したいにゃ〜〜,2026/01/12
芝ちゃん部屋,83,Beyond【アニメ公式 MV】,魔道祖師 完結編 OP 3,中島美嘉,Betty,,2026/01/12
なぎ部屋,82,The Other Side of the Wall,プリンセス・プリンシパル OP,Void_Chords Feat. MARU,サイバードラゴン,,2026/01/12
芝ちゃん部屋,82,【シャンピニオンの魔女】魔法使いの日記 ※OP暫定版 ／ ロス,-,,みにゅ,,2026/01/12
けんちぃ部屋,82,Song4u,PS3 テイルズ オブ エクシリア2 OP,浜崎あゆみ,けんちぃ,,2026/01/12
なぎ部屋,81,【mono】「猫とうたた寝日和」[IM][秋山春乃(上田麗奈)][2tr Off-On],-,,団長,,2026/01/12
芝ちゃん部屋,81,飛天【パート分けver1.2】,るろうに剣心-明治剣客浪漫譚-(2023) OP,"Ayase,R-指定",やん,,2026/01/12
けんちぃ部屋,81,SFCゲーム_テイルズ オブ ファンタジア 主題歌_夢は終わらない -こぼれ落ちる時の雫-_吉田由香里_4CH,-,,ぱにょ,,2026/01/12
なぎ部屋,80,ENJOY☆NAGOYA☆PERFECT☆LIFE,八十亀ちゃんかんさつにっき 4さつめ,逢瀬アキラ,なぎ,,2026/01/12
芝ちゃん部屋,80,部屋移動の時間です。,,,システム,,2026/01/12
けんちぃ部屋,80,【テイルズ オブ シンフォニア】「天空のカナリア」[水樹奈々][ON-OFF],-,,HID,,2026/01/12
なぎ部屋,79,FLOOR KILLER,グノーシア ED2,梅田サイファー,ゆに,,2026/01/12
芝ちゃん部屋,79,衝動,グランクレスト戦記 ED 2,綾野ましろ,なおみ,,2026/01/12
けんちぃ部屋,79,ETERNAL BLAZE,魔法少女リリカルなのはA's OP,水樹奈々,cp,,2026/01/12
なぎ部屋,78,夏夢ノイジー,サマータイムレンダ OP 2,亜咲花,みぃちゃん,,2026/01/12
芝ちゃん部屋,78,【かくりよの宿飯】涙のレシピ×ひと匙の光 ※2期3話ED(on-off) ／津場木葵(CV.東山奈央)大旦那(CV.小西克幸),-,,ゆに,,2026/01/12
けんちぃ部屋,78,BRAVE PHOENIX,魔法少女リリカルなのはA's IN,水樹奈々 コーラス 川村ゆみ,けんちぃ,,2026/01/12
MiO部屋,77,機動戦士ガンダムメドレー(翔べ!ガンダム/永遠にアムロ)【TVサイズ】,機動戦士ガンダム,池田鴻,MiO,,2026/01/12
なぎ部屋,77,Wondrous,ワンダンス ED,ELSEE,サイバードラゴン,,2026/01/12
芝ちゃん部屋,77,【科学×冒険サバイバル】『ED』[松田颯水(ジオ) 小松未可子(ダイヤ)]「survival dAnce」(On-Off)(百合川),-,,芝ちゃん,,2026/01/12
けんちぃ部屋,77,禁断のレジスタンス,クロスアンジュ 天使と竜の輪舞 OP 1,水樹奈々,ぱにょ,,2026/01/12
MiO部屋,76,儚くも永久のカナシ {onのみ},機動戦士ガンダム00,UVERworld,なおみ,ガンダム繋がりで…,2026/01/12
なぎ部屋,76,Seize The Day,ゆるキャン△ SEASON2 OP,亜咲花,団長,,2026/01/12
芝ちゃん部屋,76,heart【bb123】,アン・シャーリー ED,Laura day romance,ブルーベリー,,2026/01/12
けんちぃ部屋,76,アルカテイル,Summer Pockets OP,鈴木このみ,HID,,2026/01/12
MiO部屋,75,Meteor -ミーティア-【MovieVer.】,機動戦士ガンダムSEED FREEDOM,T.M.Revolution,ギン,新しめの >> いや古めか？ by ギン,2026/01/12
なぎ部屋,75,綺麗。,綺麗にしてもらえますか。,ゆう。,なぎ,忘れてた,2026/01/12
芝ちゃん部屋,75,口直し【和ぬか MV】,白豚貴族ですが前世の記憶が生えたのでひよこな弟育てます,,なおみ,,2026/01/12
けんちぃ部屋,75,粋恋,バジリスク ～桜花忍法帖～ ED2,水樹 奈々,ジョージ,,2026/01/12
MiO部屋,74,BEYOND THE TIME ～メビウスの宇宙を越えて～【TV版 ED2 ジークアクス 第11話 ED】,機動戦士Gundam GQuuuuuuX,TM NETWORK,MiO,,2026/01/12
なぎ部屋,74,月に向かって撃て【Ver1 暫定版】,真夜中ハートチューン,星街すいせい,ゆに,,2026/01/12
芝ちゃん部屋,74,最新話  キー変更： -2,太陽よりも眩しい星 Ed,和ぬか,ゆに,,2026/01/12
けんちぃ部屋,74,しゅわりん☆どり～みん【Ver2】,BanG Dream! ガールズバンドパーティ! IN,Pastel*Palettes,cp,,2026/01/12
MiO部屋,73,ハザードシンボル,怪異と乙女と神隠し OP,遊遊,なおみ,,2026/01/12
なぎ部屋,73,まほ_魔法少女サイト_i☆Ris_Changing point__1_yo_off-on_st_,ま,,みぃちゃん,,2026/01/12
芝ちゃん部屋,73,Can't you high!,人妻の唇は缶チューハイの味がして Tm,うづほ,芝ちゃん,,2026/01/12
けんちぃ部屋,73,結界【_パート分け】,陰陽師本格幻想RPG 2周年記念テーマソング,"水樹奈々,宮野真守",けんちぃ,,2026/01/12
MiO部屋,72,朱く染めて心臓,怪異と乙女と神隠し ED,大渕野々花,ギン,,2026/01/12
なぎ部屋,72,Destiny's Prelude,魔法少女リリカルなのはReflection ED,水樹奈々,サイバードラゴン,年始に映画やってたので久々に,2026/01/12
芝ちゃん部屋,72,味噌汁とバター【bb134】,日々は過ぎれど飯うまし ED,汐れいら,ブルーベリー,,2026/01/12
けんちぃ部屋,72,FIRE BIRD【パート分け】,BanG Dream! FILM LIVE IM,Roselia,ぱにょ,,2026/01/12
MiO部屋,71,FRUITFUL LAND (遠い日々)_,風の谷のナウシカ,神保彰,MiO,ムシキングと言えば（王蟲）,2026/01/12
なぎ部屋,71,Shining Sky(パート分け),大家さんは思春期!,every♡ing!,団長,なぎさん　お願いします,2026/01/12
芝ちゃん部屋,71,月蝕,ずたぼろ令嬢は姉の元婚約者に溺愛される OP,krage,なおみ,,2026/01/12
けんちぃ部屋,71,courage,ソードアート・オンラインII OP,戸松遥,HID,,2026/01/12
MiO部屋,70,Growing Up,この素晴らしい世界に祝福を!3 OP,Machico,こま,,2026/01/12
なぎ部屋,70,ドーナツホール,と,ハチP_GUMI,なぎ,,2026/01/12
芝ちゃん部屋,70,陽炎  キー変更： -1,千歳くんはラムネ瓶のなか ED,"神威がくぽ,鏡音レン",ゆに,,2026/01/12
けんちぃ部屋,70,ZEAL of proud,BanG Dream! ガールズバンドパーティ! IM,Roselia,ジョージ,,2026/01/12
MiO部屋,69,くすぐったい【最終話まで】,キミと越えて恋になる,CHiCO with HoneyWorks,なおみ,,2026/01/12
なぎ部屋,69,君が灯してくれた光を今【_第1話ED版】,29歳独身中堅冒険者の日常 OP,HoneyWorks feat.Hanon,ゆに,,2026/01/12
芝ちゃん部屋,69,ぼくらのランデブー【パート分け有】,やたらやらしい深見くん Tm,梶彰弘(茶介)と深見悠(マシュマロ焼太郎),芝ちゃん,,2026/01/12
けんちぃ部屋,69,きっと青春が聞こえる,ラブライブ! School idol project ED,μ's,cp,,2026/01/12
MiO部屋,68,生きてこそ,甲虫王者 ムシキング～森の民の伝説～,Kiroro,ギン,,2026/01/12
なぎ部屋,68,CLICK【パート分け】,ニセコイ OP,ClariS,みぃちゃん,,2026/01/12
芝ちゃん部屋,68,となりあわせ【パート分け有_bb177】,おとなりに銀河 OP,松本千夏,ブルーベリー,覚えてないがー　なんとかなる,2026/01/12
けんちぃ部屋,68,ピカループ,破産富豪 ED,眞白かのん,けんちぃ,,2026/01/12
MiO部屋,67,【生音】可愛くてごめん(HoneyWorks),-,AKB48(伊藤百花)【On-Cut】(配信),MiO,HoneyWorksのカバー,2026/01/12
なぎ部屋,67,Resolution,機動新世紀ガンダムX OP,ROMANTIC MODE,サイバードラゴン,,2026/01/12
芝ちゃん部屋,67,Majestic Catastrophe,異世界黙示録マイノグーラ～破滅の文明で始める世界征服～ OP,佐々木李子,なおみ,,2026/01/12
けんちぃ部屋,67,運命,ダンジョン飯 OP2,sumika,ぱにょ,,2026/01/12
MiO部屋,66,戦場の華【_last版】,最後にひとつだけお願いしてもよろしいでしょうか OP,CHiCO with HoneyWorks,こま,,2026/01/12
なぎ部屋,66,BUG! BUG! SURVIVAL!(パート分け),NEW GAME!,桜ねね(朝日奈丸佳)&阿波根うみこ(森永千才),団長,なぎさん　うみこさんパートお願いします,2026/01/12
芝ちゃん部屋,66,FLOOR KILLER,グノーシア ED2,梅田サイファー,ゆに,,2026/01/12
けんちぃ部屋,66,スパートシンドローマー【公式アニメMV】,ウマ娘 シンデレラグレイ OP2,10-FEET,HID,,2026/01/12
MiO部屋,65,世界を射抜いて,THE NEW GATE OP,Sou,なおみ,,2026/01/12
なぎ部屋,65,Fight!!,はたらく細胞!! ED,ClariS,なぎ,よろしくお願いします。,2026/01/12
芝ちゃん部屋,65,線香花火【パート分け有】,ちゃんと吸えない吸血鬼ちゃん ED,"H△G,石川月菜(田中美海)",芝ちゃん,,2026/01/12
けんちぃ部屋,65,花になって,薬屋のひとりごと OP 1,緑黄色社会,ジョージ,,2026/01/12
MiO部屋,64,顔,BanG Dream! Ave Mujica,Ave Mujica,ギン,,2026/01/12
なぎ部屋,64,セレンディピティ,ゴリラの神から加護された令嬢は王立騎士団で可愛がられる ED,緒方恵美,ゆに,,2026/01/12
芝ちゃん部屋,64,【Turkey!】[op]ヒャクニチソウ／戸倉家の姫たち [ブルーベリー] ※パート分け_12話まで映像あり_bb191 (On-Off),-,,ブルーベリー,戸倉家の姫バージョン,2026/01/12
けんちぃ部屋,64,motto☆派手にね!,かんなぎ OP,戸松遥,cp,,2026/01/12
MiO部屋,63,Odyssey,ロードス島戦記,草尾毅,MiO,エルフと言えば,2026/01/12
なぎ部屋,63,君に恋を結んで(パート分け)【ver2】,甘神さんちの縁結び,甘神三姉妹,ギン,,2026/01/12
芝ちゃん部屋,63,ホロウ【_Ver2】,魔王2099 OP,シユイ,なおみ,,2026/01/12
けんちぃ部屋,63,Make Me Wonder,ダーウィン事変 OP,Official髭男dism,けんちぃ,,2026/01/12
MiO部屋,62,夢じゃないならなんなのさ,ロックは淑女の嗜みでして ED,Little Glee Monster,こま,,2026/01/12
なぎ部屋,62,メニメリ・メモリーズ!【パート分け】,mono OP,シネフォト部,なぎ,行ける方お願いします,2026/01/12
芝ちゃん部屋,62,アマデウス  キー変更： -1,青のオーケストラ Season2 OP,Galileo Galilei,ゆに,,2026/01/12
けんちぃ部屋,62,小休止,,,けんちぃ,,2026/01/12
MiO部屋,61,晴る,葬送のフリーレン,ヨルシカ,なおみ,よろしくお願いします(^^),2026/01/12
なぎ部屋,61,STAR☆T☆RAIN -New Arrange Ver.-,【推しの子】,B小町,cp,,2026/01/12
芝ちゃん部屋,61,絆創膏,ブサメンガチファイター Ed,金子みゆ,芝ちゃん,,2026/01/12
けんちぃ部屋,61,月に向かって撃て【Ver1 暫定版】,真夜中ハートチューン OP,星街すいせい,HID,,2026/01/12
MiO部屋,60,トコハナ,ブラック・ブレット ED,やなぎなぎ,ギン,よろしくお願いします,2026/01/12
なぎ部屋,60,やじるし→(パート分け)【ver1.1】,スローループ,ぽかぽかイオン(東山奈央、安野希世乃),みにゅ,,2026/01/12
芝ちゃん部屋,60,【ワンダンス】[OP]Stare In Wonder／BEFIRST ※パート分け有・公式MV bb222 (On-Off),-,,ブルーベリー,よろしくお願いします こんにちは2025,2026/01/12
けんちぃ部屋,60,マイペース解像度,mono IM,敷島桜子(遠野ひかる),団長,原作やっと全巻揃えた,2026/01/12
MiO部屋,59,,,,小休止,,2026/01/12
なぎ部屋,59,花雪(Ver2)(チーム”ハナヤマタ”Ver)(パート分け),ハナヤマタ,チーム”ハナヤマタ”,ギン,わっかんない,2026/01/12
芝ちゃん部屋,59,ライトメイカー,一瞬で治療していたのに役立たずと追放された天才治癒師、闇ヒーラーとして楽しく生きる OP,bokula.,なおみ,,2026/01/12
けんちぃ部屋,59,断罪の花～Guilty Sky～,CLAYMORE ED,小坂りゆ,けんちぃ,,2026/01/12
MiO部屋,58,ハルウタ,名探偵コナン 11人目のストライカー 劇場版第16弾,いきものがかり,ジョージ,,2026/01/12
なぎ部屋,58,幸せについて私が知っている5つの方法【ver1.1】,幸腹グラフィティ OP,坂本真綾,なぎ,,2026/01/12
けんちぃ部屋,58,春想,天官賜福 貮 Ed,krage,Betty,,2026/01/12
MiO部屋,57,名探偵コナン 犯人の犯沢さん OP_捕まえて、今夜。_新浜レオン_2CH,-,,ぱにょ,,2026/01/12
なぎ部屋,57,ミラクルっと♥Link Ring!,ヒーリングっど♥プリキュア ED,Machico,cp,,2026/01/12
芝ちゃん部屋,57,言伝  キー変更： -2,違国日記 ED,Bialystocks,ゆに,,2026/01/12
けんちぃ部屋,57,勇者王誕生!,勇者王ガオガイガー OP,遠藤正明,やん,,2026/01/12
MiO部屋,56,TWILIGHT!!!【アニメPV】,名探偵コナン 隻眼の残像(フラッシュ・バック) 劇場版第28弾,King Gnu,サイバードラゴン,,2026/01/12
なぎ部屋,56,"この場所で。_屋内活動サークル(立山秋航,佐々木恵梨,亜咲花)_ゆるキャン△ SEASON2(OFF_ON)",こ,,みにゅ,,2026/01/12
芝ちゃん部屋,56,バースデイ・ソング,ログ・ホライズン In,五十鈴(CV松井恵理子),芝ちゃん,,2026/01/12
けんちぃ部屋,56,プラットフォーム【最終話反映】,永久のユウグレ OP,Uru,HID,,2026/01/12
MiO部屋,55,【まんが水戸黄門】ザ・チャンバラ／塚田三喜夫（ON）※水戸黄門,-,,MiO,,2026/01/12
なぎ部屋,55,【ひぐらしのなく頃に業】「I believe what you said」『亜咲花』(off-on)265,-,,ギン,,2026/01/12
芝ちゃん部屋,55,Ready Go!(Ver2),オオカミさんと七人の仲間たち,May'n,団長,,2026/01/12
けんちぃ部屋,55,BON-BON,田中くんはいつもけだるげ,CooRie,団長,,2026/01/12
けんちぃ部屋,54,光のすみか,瑠璃の宝石 OP,安田レイ,ギン,,2026/01/12
MiO部屋,54,SPARK-AGAIN,炎炎ノ消防隊 OP,Aimer,みぃちゃん,,2026/01/12
なぎ部屋,54,See The Light,ゆるキャン△ Have a nice day!,亜咲花,なぎ,,2026/01/12
芝ちゃん部屋,54,29,キン肉マン完璧超人始祖編Season 2「29(にく),キン肉マン(CV宮野真守),サイバードラゴン,タカヒロさん有難う,2026/01/12
けんちぃ部屋,54,光のすみか,瑠璃の宝石 OP,安田レイ,けんちぃ,,2026/01/12
MiO部屋,53,朝が来る【《アニメ映像》】,鬼滅の刃 ED 3,Aimer,ジョージ,,2026/01/12
なぎ部屋,53,リンク～past and future～【Ver2 アニメ公式 MV(TRUE END版)】,16bitセンセーション ANOTHER LAYER ED,秋里コノハ(CV:古賀葵),cp,,2026/01/12
芝ちゃん部屋,53,FUN☆FUN☆わんだふるDAYS!【パート分け】,わんだふるぷりきゅあ! ED1,"後本萌葉,石井あみ",cp,,2026/01/12
けんちぃ部屋,53,フリイジア,天官賜福 ED,雨宮天,Betty,,2026/01/12
MiO部屋,52,残響散歌【《アニメ映像・Ver2.2》】,鬼滅の刃 OP 3,Aimer,ぱにょ,,2026/01/12
なぎ部屋,52,マイペース解像度,mono,敷島桜子(CV.遠野ひかる),みにゅ,,2026/01/12
芝ちゃん部屋,52,ラケナリアの夢,魔術師クノンは見えている OP,ヰ世界情緒,ゆに,,2026/01/12
けんちぃ部屋,52,Like Morning Follows Night,るRWBY Vol.4,Jeff Williams Feat.Casey Lee Williams,やん,,2026/01/12
MiO部屋,51,Wanna be【パート分けVer2】,東島丹三郎は仮面ライダーになりたい OP,"TeddyLoid,松崎しげる,TOPHAMHAT-KYO (FAKE TYPE.)",サイバードラゴン,,2026/01/12
なぎ部屋,51,海風のブレイブ,Robotics;Notes ED 1,fumika,ギン,,2026/01/12
芝ちゃん部屋,51,I AM STANDING,3月のライオン Ed,RUANN,芝ちゃん,,2026/01/12
けんちぃ部屋,51,クラクラ,SPY×FAMILY Season 2 OP 3,Ado,HID,,2026/01/12
MiO部屋,50,名前のない怪物,PSYCHO-PASS ED 1,EGOIST,MiO,,2026/01/12
なぎ部屋,50,ハルカトオク,宇宙よりも遠い場所,,なぎ,,2026/01/12
芝ちゃん部屋,50,BUG! BUG! SURVIVAL!(パート分け),NEW GAME!,桜ねね(朝日奈丸佳)&阿波根うみこ(森永千才),団長,,2026/01/12
けんちぃ部屋,50,Theme principal La chanson d' atsuko,薬師寺涼子の怪奇事件簿 OPカバー,angela,団長,作ってくれてサンクス　早速歌わせていただきます,2026/01/12
けんちぃ部屋,49,[粉雪につつまれて ／飯塚 雅弓]Angelic Serenade (cut&コーラス入-on),-,,ギン,,2026/01/12
MiO部屋,49,ninelie【音源修正】,甲鉄城のカバネリ ED,Aimer with chelly,みぃちゃん,,2026/01/12
なぎ部屋,49,僕たちはひとつの光,ラブライブ! The School Idol Movie ED,μ's,cp,,2026/01/12
芝ちゃん部屋,49,Enter,Aランクパーティを離脱した俺は、元教え子たちと迷宮深部を目指す。 OP,零,サイバードラゴン,,2026/01/12
けんちぃ部屋,49,[粉雪につつまれて ／飯塚 雅弓]Angelic Serenade (cut&コーラス入-on),-,,けんちぃ,,2026/01/12
MiO部屋,48,太陽が昇らない世界,[劇場版]鬼滅の刃 無限城編 第一章 猗窩座再来 主題歌,Aimer,ジョージ,,2026/01/12
なぎ部屋,48,The Sunshower,へやキャン△ ED,亜咲花,みにゅ,,2026/01/12
芝ちゃん部屋,48,ひみつだけどね【パート分け有】,ひみつのアイプリ Ed,青空ひまり(CV藤寺美徳)星川みつき(CV平塚紗依),cp,,2026/01/12
けんちぃ部屋,48,UNISONIA,バディ・コンプレックス OP,TRUE,Betty,,2026/01/12
芝ちゃん部屋,47,シルベ,勇者パーティを追い出された器用貧乏 OP,常闇トワ,ゆに,,2026/1/12
MiO部屋,47,熱情のスペクトラム,七つの大罪,いきものがかり,ぱにょ,,2026/01/12
なぎ部屋,47,今を未来をありがとう【6パート、PV+1期2期映像】,劇場版 ゾンビランドサガ ゆめぎんがパラダイス,フランシュシュ,ギン,よろしくお願いします,2026/01/12
芝ちゃん部屋,47,シルベ,勇者パーティを追い出された器用貧乏 OP,常闇トワ,ゆに,,2026/01/12
けんちぃ部屋,47,ピースサイン,僕のヒーローアカデミア 2nd OP,米津玄師,やん,,2026/01/12
芝ちゃん部屋,46,セッション運命ナイト,「1分間だけ挿れてもいいよ…」シェアハウスの秘密ルール。 Tm,Dai Takanashi,芝ちゃん,,2026/1/12
MiO部屋,46,残酷な夜に輝け,[劇場版]鬼滅の刃 無限城編 第一章 猗窩座再来 主題歌,LiSA,サイバードラゴン,まだ絶賛上映中です,2026/01/12
なぎ部屋,46,Bravely You,Charlotte,Lia,なぎ,よろしくお願いします。,2026/01/12
芝ちゃん部屋,46,セッション運命ナイト,「1分間だけ挿れてもいいよ…」シェアハウスの秘密ルール。 Tm,Dai Takanashi,芝ちゃん,,2026/01/12
けんちぃ部屋,46,Storyteller,転生したらスライムだった件 OP,TRUE,HID,,2026/01/12
芝ちゃん部屋,45,ニッポン笑顔百景(パート分け),じょしらく,桃黒亭一門,団長,,2026/1/12
MiO部屋,45,生きて、燦々  キー変更： -3,キングダム Op,いきものがかり,MiO,,2026/01/12
なぎ部屋,45,時空のたもと,機動戦士ガンダム MS IGLOO 1年戦争秘録 OP,Taja,HID,,2026/01/12
芝ちゃん部屋,45,ニッポン笑顔百景(パート分け),じょしらく,桃黒亭一門,団長,,2026/01/12
けんちぃ部屋,45,風色のフィルム,たまゆら～もあぐれっしぶ～ 11話ED,中島愛,団長,ゆかりだと　これ５年ぶりに歌うことになるのかぁ,2026/01/12
芝ちゃん部屋,44,次回予告,戦隊大失格 Op,キタニタツヤ,サイバードラゴン,,2026/1/12
MiO部屋,44,らしさ【公式アニメMV】,ひゃくえむ。,Official髭男dism,みぃちゃん,,2026/01/12
なぎ部屋,44,はっぴぃにゅうにゃあ(Ver2)(パート分け),迷い猫オーバーラン!,芹沢文乃(伊藤かな恵)&梅ノ森千世(井口裕香)&霧谷希(竹達彩奈),加古,,2026/01/12
芝ちゃん部屋,44,次回予告,戦隊大失格 Op,キタニタツヤ,サイバードラゴン,,2026/01/12
けんちぃ部屋,44,Pastoral,羅小黒戦記 日本語吹替版主題歌,Aimer,けんちぃ,,2026/01/12
芝ちゃん部屋,43,Dear Shine Sky,ひろがるスカイ!プリキュア ED2,吉武千颯,cp,,2026/1/12
MiO部屋,43,クスシキ【_最終話までアニメMV版】,薬屋のひとりごと 2nd Season OP2,Mrs. GREEN APPLE,ジョージ,,2026/01/12
なぎ部屋,43,傍若のカリスマ【Ver2】,ブルーロック VS. U-20 JAPAN OP,UNISON SQUARE GARDEN,ぱにょ,,2026/01/12
芝ちゃん部屋,43,Dear Shine Sky,ひろがるスカイ!プリキュア ED2,吉武千颯,cp,,2026/01/12
けんちぃ部屋,43,季路,魔道祖師 前塵編 ED,Aimer,Betty,,2026/01/12
芝ちゃん部屋,42,アドレナ,花ざかりの君たちへ OP,YOASOBI,ゆに,,2026/1/12
MiO部屋,42,イエスタデイ_Official髭男dism_HELLO WORLD,い,,ぱにょ,,2026/01/12
なぎ部屋,42,アルゴリズム,嘆きの亡霊は引退したい 第2クール OP,安野希世乃,なおみ,,2026/01/12
芝ちゃん部屋,42,アドレナ,花ざかりの君たちへ OP,YOASOBI,ゆに,,2026/01/12
けんちぃ部屋,42,Checkmate,るRWBY Vol.9,Casey Lee Williams,やん,,2026/01/12
芝ちゃん部屋,41,嘆きの天使,アマガミSS Ed,絢辻詞(名塚佳織),芝ちゃん,,2026/1/12
MiO部屋,41,SOULSOUP,劇場版 SPY×FAMILY CODE White 主題歌,髭男dism,サイバードラゴン,,2026/01/12
なぎ部屋,41,創聖のアクエリオン,創聖のアクエリオン OP 1,AKINO,Betty,,2026/01/12
芝ちゃん部屋,41,嘆きの天使,アマガミSS Ed,絢辻詞(名塚佳織),芝ちゃん,,2026/01/12
芝ちゃん部屋,40,猛烈宇宙交響曲・第七楽章「無限の愛」(パート分け),モーレツ宇宙海賊,ももいろクローバーZ,団長,,2026/1/12
MiO部屋,40,銭形平次 ～TEAM-Z Ver.～,-,AKB48(チームZ),MiO,,2026/01/12
なぎ部屋,40,ワールドイズマイン,迷宮ブラックカンパニー ED 1,ハンブレッダーズ,なぎ,,2026/01/12
芝ちゃん部屋,40,猛烈宇宙交響曲・第七楽章「無限の愛」(パート分け),モーレツ宇宙海賊,ももいろクローバーZ,団長,,2026/01/12
けんちぃ部屋,40,始まりの歌,戦姫絶唱シンフォギアGX,"立花響(CV:悠木碧),風鳴翼(CV:水樹奈々),雪音クリス(CV:高垣彩陽),マリア・カデンツァヴナ・イヴ(CV:日笠陽子),月読調(CV:南條愛乃),暁切歌(CV:茅野愛衣)",ジョージ,,2026/01/12
芝ちゃん部屋,39,Ready to Rock,ロックは淑女の嗜みでして OP,BAND-MAID,サイバードラゴン,,2026/1/12
なぎ部屋,39,君の神話～アクエリオン第二章【Ver2】,アクエリオンEVOL OP1,"AKINO,AKINO with bless4",加古,,2026/01/12
芝ちゃん部屋,39,Ready to Rock,ロックは淑女の嗜みでして OP,BAND-MAID,サイバードラゴン,,2026/01/12
けんちぃ部屋,39,マメシバ,地球少女アルジュナ ED,坂本真綾,みにゅ,,2026/01/12
芝ちゃん部屋,38,どしゃぶりHAPPY!【パート分け有】,プリティーリズム・レインボーライブ In,ハッピーレイン♪,cp,,2026/1/12
けんちぃ部屋,38,【本好きの下剋上】《ED》言葉にできない／坂本真綾【On-Off】※イラスト版,-,,みにゅ,,2026/01/12
MiO部屋,38,Guren no Yumiya(Vocal Off+On)_Attack on Titan_Jonathan Young,-,,やん,,2026/01/12
なぎ部屋,38,フィードバックを鳴らして,鴨乃橋ロンの禁断推理 2nd Season,ハンブレッダーズ,ぱにょ,,2026/01/12
芝ちゃん部屋,38,どしゃぶりHAPPY!【パート分け有】,プリティーリズム・レインボーライブ In,ハッピーレイン♪,cp,,2026/01/12
けんちぃ部屋,38,【本好きの下剋上】《ED》言葉にできない／坂本真綾【On-Off】※イラスト版,-,,ギン,,2026/01/12
芝ちゃん部屋,37,Make Me Wonder  キー変更： -1,ダーウィン事変 OP,Official髭男dism,ゆに,,2026/1/12
MiO部屋,37,【終末ツーリング】[ed]グライド／Myuk(On-Off) ※１～６・１２話映像 bb202,-,,ヒロ,,2026/01/12
なぎ部屋,37,もうどうなってもいいや【ver3.0・最終話まで】,機動戦士Gundam GQuuuuuuX ED,星街すいせい,なおみ,,2026/01/12
芝ちゃん部屋,37,Make Me Wonder  キー変更： -1,ダーウィン事変 OP,Official髭男dism,ゆに,,2026/01/12
けんちぃ部屋,37,君のいる町,君のいる町 ED 1,桐島青大(CV:細谷佳正),けんちぃ,,2026/01/12
なぎ部屋,36,MAISIE,黒執事 -緑の魔女編- Ed,Cö shu Nie feat. HYDE,Betty,,2026/1/12
芝ちゃん部屋,36,恋のゆくえ,アマガミSS Ed,上崎裡沙(門脇舞以),芝ちゃん,,2026/1/12
MiO部屋,36,三璃紗伝説～The Brave Legend～【Ver2】,SDガンダム三国伝 BraveBattleWarriors ED,Ko-saku,HID,三国志と言えば,2026/01/12
なぎ部屋,36,MAISIE,黒執事 -緑の魔女編- Ed,Cö shu Nie feat. HYDE,Betty,,2026/01/12
芝ちゃん部屋,36,恋のゆくえ,アマガミSS Ed,上崎裡沙(門脇舞以),芝ちゃん,,2026/01/12
けんちぃ部屋,36,Ready to,BNA OP,影森みちる(CV:諸星すみれ),みぃちゃん,偶に歌わないと忘れそう(・・。)ゞ,2026/01/12
なぎ部屋,35,ぼくのフレンド,けものフレンズ ED,みゆはん,なぎ,,2026/1/12
芝ちゃん部屋,35,部屋移動の時間です。,,,システム,,2026/1/12
MiO部屋,35,時の河【2ch off-on】(G) -FENCE OF DEFENSE -横山光輝 三国志,-,,MiO,三国志と言えば,2026/01/12
なぎ部屋,35,ぼくのフレンド,けものフレンズ ED,みゆはん,なぎ,,2026/01/12
けんちぃ部屋,35,アクシアの風,戦姫絶唱シンフォギアAXZ IN,"立花響(CV:悠木碧),風鳴翼(CV:水樹奈々),雪音クリス(CV:高垣彩陽),マリア・カデンツァヴナ・イヴ(CV:日笠陽子),月読調(CV:南條愛乃),暁切歌(CV:茅野愛衣)",ジョージ,,2026/01/12
なぎ部屋,34,マジLOVE2000%【アニメ】,うたの☆プリンスさまっ♪ マジLOVE2000% ED,ST☆RISH,加古,,2026/1/12
芝ちゃん部屋,34,ゆめのつぼみ,"しゅごキャラ! IN 第42,43話",水樹奈々,雪兎,〆！,2026/1/12
MiO部屋,34,【劇場版 BanG Dream! It's MyGO!!!!!】[IN]音一会 ／mygo bb215 (On-Off),-,,ブルーベリー,練習ー,2026/01/12
なぎ部屋,34,マジLOVE2000%【アニメ】,うたの☆プリンスさまっ♪ マジLOVE2000% ED,ST☆RISH,加古,,2026/01/12
芝ちゃん部屋,34,ゆめのつぼみ,"しゅごキャラ! IN 第42,43話",水樹奈々,雪兎,〆！,2026/01/12
けんちぃ部屋,34,【本好きの下剋上】《OP》つむじかぜ／諸星すみれ【On-Off】※イラスト版・修正版,-,,みにゅ,,2026/01/12
なぎ部屋,33,薫る花は凛と咲く OP_まなざしは光_キタニタツヤ_2CH,-,,ぱにょ,,2026/1/12
芝ちゃん部屋,33,神頼み,出禁のモグラ OP,syudou,なおみ,,2026/1/12
MiO部屋,33,廻廻奇譚,呪術廻戦 OP,Eve,やん,,2026/01/12
なぎ部屋,33,薫る花は凛と咲く OP_まなざしは光_キタニタツヤ_2CH,-,,ぱにょ,,2026/01/12
芝ちゃん部屋,33,神頼み,出禁のモグラ OP,syudou,なおみ,,2026/01/12
けんちぃ部屋,33,【本好きの下剋上】《OP》つむじかぜ／諸星すみれ【On】※イラスト版,-,,けんちぃ,,2026/01/12
なぎ部屋,32,贄-nie-,私を喰べたい、ひとでなし OP,吉乃,なおみ,,2026/1/12
芝ちゃん部屋,32,Resolution,機動新世紀ガンダムX OP,ROMANTIC MODE,HID,,2026/1/12
MiO部屋,32,Stargazer,一騎当千 XTREME XECUTOR OP,増田有華,ヒロ,,2026/01/12
なぎ部屋,32,贄-nie-,私を喰べたい、ひとでなし OP,吉乃,なおみ,,2026/01/12
芝ちゃん部屋,32,Resolution,機動新世紀ガンダムX OP,ROMANTIC MODE,HID,,2026/01/12
けんちぃ部屋,32,桜風,3年Z組銀八先生,ぼっちぼろまる,ギン,,2026/01/12
なぎ部屋,31,桜蘭高校ホスト部 OP_桜キッス_河辺千恵子_4CH_画質UP版,-,,Betty,,2026/1/12
芝ちゃん部屋,31,あまのじゃく,幼馴染とはラブコメにならない ED,小玉ひかり,ゆに,,2026/1/12
けんちぃ部屋,31,caramel ribbon cursetard【_パート分け】,〈物語〉シリーズ オフ&モンスターシーズン OP,千石撫子(花澤香菜)、斧乃木余接(早見沙織),けんちぃ,,2026/1/12
MiO部屋,31,夢を信じて【hossy_031】,ドラゴンクエスト～勇者アベル伝説～,徳永英明,HID,,2026/01/12
なぎ部屋,31,桜蘭高校ホスト部 OP_桜キッス_河辺千恵子_4CH_画質UP版,-,,Betty,,2026/01/12
芝ちゃん部屋,31,あまのじゃく,幼馴染とはラブコメにならない ED,小玉ひかり,ゆに,,2026/01/12
けんちぃ部屋,31,caramel ribbon cursetard【_パート分け】,〈物語〉シリーズ オフ&モンスターシーズン OP,千石撫子(花澤香菜)、斧乃木余接(早見沙織),けんちぃ,,2026/01/12
なぎ部屋,30,Golden Life,アクティヴレイド -機動強襲室第八係- OP,AKINO with bless4,なぎ,,2026/1/12
芝ちゃん部屋,30,MONTAGE,謎解きはディナーのあとで Op,中島健人,芝ちゃん,,2026/1/12
けんちぃ部屋,30,17才【音源をspleeterに変更】,色づく世界の明日から OP,ハルカトミユキ,みぃちゃん,,2026/1/12
MiO部屋,30,ドラゴンクエスト -勇者アベル伝説- OP2_未来をめざして_古谷 徹_2CH,と,,MiO,勇者と言えば,2026/01/12
なぎ部屋,30,Golden Life,アクティヴレイド -機動強襲室第八係- OP,AKINO with bless4,なぎ,,2026/01/12
芝ちゃん部屋,30,MONTAGE,謎解きはディナーのあとで Op,中島健人,芝ちゃん,,2026/01/12
けんちぃ部屋,30,17才【音源をspleeterに変更】,色づく世界の明日から OP,ハルカトミユキ,みぃちゃん,,2026/01/12
なぎ部屋,29,FLAGをはためかせろ!(パート分け),ゾンビランドサガ,フランシュシュ,加古,,2026/1/12
芝ちゃん部屋,29,生きて、燦々,キングダム Op,いきものがかり,雪兎,よろしくお願いしますm(_ _)m,2026/1/12
けんちぃ部屋,29,拍手喝采歌合,刀語 OP,supercell,ジョージ,,2026/1/12
MiO部屋,29,【銀魂】[ED]サムライハート（Some Like It Hot！！）／SPYAIR bb229 (On-Off),-,,ブルーベリー,練習ー,2026/01/12
なぎ部屋,29,FLAGをはためかせろ!(パート分け),ゾンビランドサガ,フランシュシュ,加古,,2026/01/12
芝ちゃん部屋,29,生きて、燦々,キングダム Op,いきものがかり,雪兎,よろしくお願いしますm(_ _)m,2026/01/12
けんちぃ部屋,29,拍手喝采歌合,刀語 OP,supercell,ジョージ,,2026/01/12
なぎ部屋,28,ギフにテッド(Ver2),変人のサラダボウル,和ぬか,ぱにょ,,2026/1/12
芝ちゃん部屋,28,君色、僕色,異世界かるてっと3,伊東歌詞太郎&鈴木このみ&小林裕介&AZKi,なおみ,,2026/1/12
けんちぃ部屋,28,staple stable,化物語 OP 1,戦場ヶ原ひたぎ(CV:斎藤千和),みにゅ,,2026/1/12
MiO部屋,28,Curtain Call(Vocal Off+On)_MY HERO ACADEMIA_Jonathan Young,-,,やん,,2026/01/12
なぎ部屋,28,ギフにテッド(Ver2),変人のサラダボウル,和ぬか,ぱにょ,,2026/01/12
芝ちゃん部屋,28,君色、僕色,異世界かるてっと3,伊東歌詞太郎&鈴木このみ&小林裕介&AZKi,なおみ,,2026/01/12
けんちぃ部屋,28,staple stable,化物語 OP 1,戦場ヶ原ひたぎ(CV:斎藤千和),みにゅ,,2026/01/12
なぎ部屋,27,アドレナ,花ざかりの君たちへ OP,YOASOBI,なおみ,,2026/1/12
芝ちゃん部屋,27,Touring,終末ツーリング OP,Conton Candy,HID,,2026/1/12
けんちぃ部屋,27,君の知らない物語,化物語 ED 1,supercell featuring nagi,ギン,シャフト50周年(口実),2026/1/12
MiO部屋,27,Burning,【推しの子】 ED,羊文学,ヒロ,,2026/01/12
なぎ部屋,27,アドレナ,花ざかりの君たちへ OP,YOASOBI,なおみ,,2026/01/12
芝ちゃん部屋,27,Touring,終末ツーリング OP,Conton Candy,HID,,2026/01/12
けんちぃ部屋,27,君の知らない物語,化物語 ED 1,supercell featuring nagi,ギン,シャフト50周年(口実),2026/01/12
なぎ部屋,26,Two souls -toward the truth-,終わりのセラフ,fripSide,Betty,,2026/1/12
芝ちゃん部屋,26,綺麗。,綺麗にしてもらえますか。 OP,ゆう。,ゆに,,2026/1/12
けんちぃ部屋,26,melee (cut) NORN9 ノルン+ノネット_,-,,けんちぃ,,2026/1/12
MiO部屋,26,勇者,葬送のフリーレン OP 1,YOASOBI,HID,,2026/01/12
なぎ部屋,26,Two souls -toward the truth-,終わりのセラフ,fripSide,Betty,,2026/01/12
芝ちゃん部屋,26,綺麗。,綺麗にしてもらえますか。 OP,ゆう。,ゆに,,2026/01/12
けんちぃ部屋,26,melee (cut) NORN9 ノルン+ノネット_,-,,けんちぃ,,2026/01/12
なぎ部屋,25,Higher's High,戦翼のシグルドリーヴァ OP,ナナヲアカリ,なぎ,よろしくお願いします。,2026/1/12
芝ちゃん部屋,25,My Way【パート分け無し】,グリーングリーン2 恋のスペシャルサマー ED,URAN,芝ちゃん,,2026/1/12
けんちぃ部屋,25,【やはり俺の青春ラブコメはまちがっている。続】春擬き（Ver2）／やなぎなぎ［on-off］,-,,みぃちゃん,,2026/1/12
MiO部屋,25,怪獣,チ。-地球の運動について- OP,サカナクション,MiO,,2026/01/12
なぎ部屋,25,Higher's High,戦翼のシグルドリーヴァ OP,ナナヲアカリ,なぎ,よろしくお願いします。,2026/01/12
芝ちゃん部屋,25,My Way【パート分け無し】,グリーングリーン2 恋のスペシャルサマー ED,URAN,芝ちゃん,,2026/01/12
けんちぃ部屋,25,【やはり俺の青春ラブコメはまちがっている。続】春擬き（Ver2）／やなぎなぎ［on-off］,-,,みぃちゃん,,2026/01/12
なぎ部屋,24,春擬き(Ver2),やはり俺の青春ラブコメはまちがっている。続,やなぎなぎ,ヒロ,,2026/1/12
芝ちゃん部屋,24,阿弥陀籤,桃源暗鬼 OP,超学生,なおみ,,2026/1/12
けんちぃ部屋,24,激唱インフィニティ,戦姫絶唱シンフォギアAXZ IN,"立花響(CV:悠木碧),風鳴翼(CV:水樹奈々),雪音クリス(CV:高垣彩陽)",ジョージ,,2026/1/12
MiO部屋,24,【ハイキュー!!】[op]イマジネーション／SPYAIR ※公式漫画MADカクテル bb236 (On-Off),-,,ブルーベリー,よろしくお願いします チェックと練習ー,2026/01/12
なぎ部屋,24,春擬き(Ver2),やはり俺の青春ラブコメはまちがっている。続,やなぎなぎ,ヒロ,,2026/01/12
芝ちゃん部屋,24,阿弥陀籤,桃源暗鬼 OP,超学生,なおみ,,2026/01/12
けんちぃ部屋,24,激唱インフィニティ,戦姫絶唱シンフォギアAXZ IN,"立花響(CV:悠木碧),風鳴翼(CV:水樹奈々),雪音クリス(CV:高垣彩陽)",ジョージ,,2026/01/12
なぎ部屋,23,Catch You Catch Me,カードキャプターさくら OP,グミ,なぎ,,2026/1/12
芝ちゃん部屋,23,シルベ,勇者パーティを追い出された器用貧乏 OP,常闇トワ,HID,新曲練習,2026/1/12
けんちぃ部屋,23,【かくりよの宿飯】涙のレシピ×ひと匙の光 ※2期3話ED(on-off) ／津場木葵(CV.東山奈央)大旦那(CV.小西克幸),-,,みにゅ,,2026/1/12
MiO部屋,23,For Every Life(Vocal On+Off)_RWBY_JeffWillams,-,,やん,,2026/01/12
なぎ部屋,23,Catch You Catch Me,カードキャプターさくら OP,グミ,なぎ,,2026/01/12
芝ちゃん部屋,23,シルベ,勇者パーティを追い出された器用貧乏 OP,常闇トワ,HID,新曲練習,2026/01/12
けんちぃ部屋,23,【かくりよの宿飯】涙のレシピ×ひと匙の光 ※2期3話ED(on-off) ／津場木葵(CV.東山奈央)大旦那(CV.小西克幸),-,,みにゅ,,2026/01/12
なぎ部屋,22,I,僕のヒーローアカデミア FINAL SEASON ED,GUMI,ヒロ,,2026/1/12
芝ちゃん部屋,22,若葉のころ,綺麗にしてもらえますか。 ED,清浦夏実,ゆに,,2026/1/12
けんちぃ部屋,22,ボクらの冒険,ヒカルの碁 ED 1,Kids Alive,ギン,ぼくらの,2026/1/12
MiO部屋,22,[ED2]ふたり【アニメ映像ver2.0・最終話まで】,ウマ娘 シンデレラグレイ,オグリキャップ、タマモクロス,ヒロ,,2026/01/12
なぎ部屋,22,I,僕のヒーローアカデミア FINAL SEASON ED,GUMI,ヒロ,,2026/01/12
芝ちゃん部屋,22,若葉のころ,綺麗にしてもらえますか。 ED,清浦夏実,ゆに,,2026/01/12
けんちぃ部屋,22,ボクらの冒険,ヒカルの碁 ED 1,Kids Alive,ギン,ぼくらの,2026/01/12
なぎ部屋,21,トーキョーズ・ウェイ!  キー変更：+4,マッシュル-MASHLE-(第2期) ED,私立恵比寿中学,ジョージ,,2026/1/12
芝ちゃん部屋,21,おいしいサバイバー,もめんたりー・リリィ OP,花冷え。,芝ちゃん,,2026/1/12
けんちぃ部屋,21,アドレナ,花ざかりの君たちへ OP,YOASOBI,けんちぃ,,2026/1/12
MiO部屋,21,BOW AND ARROW,メダリスト OP,米津玄師,HID,,2026/01/12
なぎ部屋,21,トーキョーズ・ウェイ!  キー変更：+4,マッシュル-MASHLE-(第2期) ED,私立恵比寿中学,ジョージ,,2026/01/12
芝ちゃん部屋,21,おいしいサバイバー,もめんたりー・リリィ OP,花冷え。,芝ちゃん,,2026/01/12
けんちぃ部屋,21,アドレナ,花ざかりの君たちへ OP,YOASOBI,けんちぃ,,2026/01/12
なぎ部屋,20,I'll be the one,ヒカルの碁 OP 2,H∧L,みぃちゃん,,2026/1/12
芝ちゃん部屋,20,Make Me Wonder,ダーウィン事変 OP,Official髭男dism,なおみ,,2026/1/12
けんちぃ部屋,20,小休止,,,けんちぃ,,2026/1/12
なぎ部屋,20,I'll be the one,ヒカルの碁 OP 2,H∧L,みぃちゃん,,2026/01/12
芝ちゃん部屋,20,Make Me Wonder,ダーウィン事変 OP,Official髭男dism,なおみ,,2026/01/12
なぎ部屋,19,オトノケ,ダンダダン OP,Creepy Nuts,やん,,2026/1/12
芝ちゃん部屋,19,月に向かって撃て【Ver1 暫定版】,真夜中ハートチューン OP,星街すいせい,HID,新曲練習,2026/1/12
けんちぃ部屋,19,Little Busters! ～TV animation ver.～,リトルバスターズ!,Rita,ブルーベリー,,2026/1/12
MiO部屋,19,ORBITAL BEAT 切歌×調戦姫絶唱シンフォギア２人パート分け・【onボーカル】LIVE,-,,みにゅ,,2026/01/12
なぎ部屋,19,オトノケ,ダンダダン OP,Creepy Nuts,やん,,2026/01/12
芝ちゃん部屋,19,月に向かって撃て【Ver1 暫定版】,真夜中ハートチューン OP,星街すいせい,HID,新曲練習,2026/01/12
けんちぃ部屋,19,Little Busters! ～TV animation ver.～,リトルバスターズ!,Rita,ブルーベリー,,2026/01/12
なぎ部屋,18,メロウ,スキップとローファー OP,須田景凪,なぎ,,2026/1/12
芝ちゃん部屋,18,Lavish!!,勇者パーティーにかわいい子がいたので、告白してみた。 OP,吉乃,ゆに,,2026/1/12
けんちぃ部屋,18,星降る空仰ぎ見て,うたわれるもの 偽りの仮面 ED2,Suara,サイバードラゴン,オンボーカルでお願いします,2026/1/12
MiO部屋,18,Wedding Wars～愛は炎～,愛天使伝説ウエディングピーチ OP2,中島えりな,Betty,,2026/01/12
なぎ部屋,18,メロウ,スキップとローファー OP,須田景凪,なぎ,,2026/01/12
芝ちゃん部屋,18,Lavish!!,勇者パーティーにかわいい子がいたので、告白してみた。 OP,吉乃,ゆに,,2026/01/12
けんちぃ部屋,18,星降る空仰ぎ見て,うたわれるもの 偽りの仮面 ED2,Suara,サイバードラゴン,オンボーカルでお願いします,2026/01/12
なぎ部屋,17,戦場の華,最後にひとつだけお願いしてもよろしいでしょうか OP,CHiCO with HoneyWorks,ヒロ,よろしくお願いします,2026/1/12
芝ちゃん部屋,17,たのしいかくれんぼ【第1話 挿入歌 アニメ公式 MV】,魔王の娘は優しすぎる!!,ドゥ(CV:久野美咲),芝ちゃん,,2026/1/12
けんちぃ部屋,17,孕ませおっぱい!ShiningマイスターZ!,身内カラオケ用】【炎の孕ませ乳ドルマイ★スター学園Z OP,ゆん、たまこ、momiji,加古,,2026/1/12
MiO部屋,17,愛の戦士,美少女戦士セーラームーンS,石田よう子,MiO,,2026/01/12
なぎ部屋,17,戦場の華,最後にひとつだけお願いしてもよろしいでしょうか OP,CHiCO with HoneyWorks,ヒロ,よろしくお願いします,2026/01/12
芝ちゃん部屋,17,たのしいかくれんぼ【第1話 挿入歌 アニメ公式 MV】,魔王の娘は優しすぎる!!,ドゥ(CV:久野美咲),芝ちゃん,,2026/01/12
けんちぃ部屋,17,孕ませおっぱい!ShiningマイスターZ!,身内カラオケ用】【炎の孕ませ乳ドルマイ★スター学園Z OP,ゆん、たまこ、momiji,加古,,2026/01/12
なぎ部屋,16,Get Over(Special mix),ヒカルの碁 ED 最終回に放映,dream,ジョージ,,2026/1/12
芝ちゃん部屋,16,yummy goodday,とんでもスキルで異世界放浪メシ2 OP,CENT,なおみ,,2026/1/12
けんちぃ部屋,16,【Trample on Schatten!!~かげふみのうた~】[OP]希望のウタ[青葉りんご](on-cut)krk,-,,ぱにょ,,2026/1/12
MiO部屋,16,花咲く☆最強レジェンドDays(パート分け),生徒会役員共*,トリプルブッキング,団長,,2026/01/12
なぎ部屋,16,Get Over(Special mix),ヒカルの碁 ED 最終回に放映,dream,ジョージ,,2026/01/12
芝ちゃん部屋,16,yummy goodday,とんでもスキルで異世界放浪メシ2 OP,CENT,なおみ,,2026/01/12
けんちぃ部屋,16,【Trample on Schatten!!~かげふみのうた~】[OP]希望のウタ[青葉りんご](on-cut)krk,-,,ぱにょ,,2026/01/12
なぎ部屋,15,カーストルーム,ようこそ実力至上主義の教室へ OP,ZAQ,みぃちゃん,,2026/1/12
芝ちゃん部屋,15,アドレナ【Ver1 暫定版 第2話まで】,花ざかりの君たちへ OP,YOASOBI,HID,新曲練習していきます,2026/1/12
けんちぃ部屋,15,終わらない煌めきを,タユタマ2 -you're the only one- ED,Kicco,けんちぃ,,2026/1/12
MiO部屋,15,愛♡スクリーム【ver2 パート分け_bb125】,オールナイトニッポンGOLD,AiScReam,cp,,2026/01/12
なぎ部屋,15,カーストルーム,ようこそ実力至上主義の教室へ OP,ZAQ,みぃちゃん,,2026/01/12
芝ちゃん部屋,15,アドレナ【Ver1 暫定版 第2話まで】,花ざかりの君たちへ OP,YOASOBI,HID,新曲練習していきます,2026/01/12
けんちぃ部屋,15,終わらない煌めきを,タユタマ2 -you're the only one- ED,Kicco,けんちぃ,,2026/01/12
なぎ部屋,14,Let's Get Real,るRWBY Vol.7,Jeff Williams Feat.Casey Lee Williams,やん,,2026/1/12
芝ちゃん部屋,14,I need,「お前ごときが魔王に勝てると思うな」と勇者パーティを追放されたので、王都で気ままに暮らしたい ED,田中有紀,ゆに,,2026/1/12
けんちぃ部屋,14,【ちびまる子ちゃん】おどるポンポコリン／Ado ※Ado、Egirls、ももクロver映像 bb212 (On-Off),-,,ブルーベリー,今期の曲はまだこれしか歌えない,2026/1/12
MiO部屋,14,DICE【《アニメ映像》パート有】,コードギアス 反逆のルルーシュ OP 1,FLOW,みにゅ,,2026/01/12
なぎ部屋,14,Let's Get Real,るRWBY Vol.7,Jeff Williams Feat.Casey Lee Williams,やん,,2026/01/12
芝ちゃん部屋,14,I need,「お前ごときが魔王に勝てると思うな」と勇者パーティを追放されたので、王都で気ままに暮らしたい ED,田中有紀,ゆに,,2026/01/12
けんちぃ部屋,14,【ちびまる子ちゃん】おどるポンポコリン／Ado ※Ado、Egirls、ももクロver映像 bb212 (On-Off),-,,ブルーベリー,今期の曲はまだこれしか歌えない,2026/01/12
なぎ部屋,13,Serendipity,フリップフラッパーズ,ZAQ,なぎ,,2026/1/12
芝ちゃん部屋,13,願いごと,どうせ、恋してしまうんだ ED,マルシィ,芝ちゃん,,2026/1/12
けんちぃ部屋,13,SKILLAWAKE【Ver2 完成版 南菜生 ラウドロック パート分けあり】,転生貴族、鑑定スキルで成り上がる OP,PassCode,サイバードラゴン,,2026/1/12
MiO部屋,13,不完全燃焼,神様ドォルズ OP,石川智晶,Betty,,2026/01/12
なぎ部屋,13,Serendipity,フリップフラッパーズ,ZAQ,なぎ,,2026/01/12
けんちぃ部屋,13,SKILLAWAKE【Ver2 完成版 南菜生 ラウドロック パート分けあり】,転生貴族、鑑定スキルで成り上がる OP,PassCode,サイバードラゴン,,2026/01/12
なぎ部屋,12,Plazma【劇中音声有り】,機動戦士Gundam GQuuuuuuX OP,米津玄師,ジョージ,,2026/1/12
芝ちゃん部屋,12,ラケナリアの夢,魔術師クノンは見えている OP,ヰ世界情緒,なおみ,,2026/1/12
けんちぃ部屋,12,追憶のスターライト,スターライトBLUE～幼なじみで推しの娘が知らないうちに開発されていた～ OP,solfa featuring nao,加古,,2026/1/12
MiO部屋,12,eX Dream,X(TV),美勇士,MiO,CLAMP繋がり,2026/01/12
なぎ部屋,12,Plazma【劇中音声有り】,機動戦士Gundam GQuuuuuuX OP,米津玄師,ジョージ,,2026/01/12
芝ちゃん部屋,12,ラケナリアの夢,魔術師クノンは見えている OP,ヰ世界情緒,なおみ,,2026/01/12
けんちぃ部屋,12,追憶のスターライト,スターライトBLUE～幼なじみで推しの娘が知らないうちに開発されていた～ OP,solfa featuring nao,加古,,2026/01/12
なぎ部屋,11,【メダリスト】BOW AND ARROW／米津玄師 (on-off) ※bb180,-,,みぃちゃん,続編おめ⸜(* * )⸝,2026/1/12
芝ちゃん部屋,11,走れSAKAMOTO,SAKAMOTO DAYS OP,Vaundy,HID,,2026/1/12
けんちぃ部屋,11,【学園アイドルマスター】[ed]Campus mode!!／初星学園(9人ver、荊波、千奈、リーリヤ、手毬、咲季、ことね、清夏、広、麻央)(on-off)[ブルーベリー]※パート分け_bb173,-,,ぱにょ,,2026/1/12
MiO部屋,11,スイッチが入ったら,神様ドォルズ ED 1,石川智晶,団長,,2026/01/12
なぎ部屋,11,【メダリスト】BOW AND ARROW／米津玄師 (on-off) ※bb180,-,,みぃちゃん,続編おめ⸜(* * )⸝,2026/01/12
芝ちゃん部屋,11,走れSAKAMOTO,SAKAMOTO DAYS OP,Vaundy,HID,,2026/01/12
けんちぃ部屋,11,【学園アイドルマスター】[ed]Campus mode!!／初星学園(9人ver、荊波、千奈、リーリヤ、手毬、咲季、ことね、清夏、広、麻央)(on-off)[ブルーベリー]※パート分け_bb173,-,,ぱにょ,,2026/01/12
なぎ部屋,10,KICK BACK(English Version),チェンソーマン,NateWantsToBattle,やん,,2026/1/12
芝ちゃん部屋,10,【シャンピニオンの魔女】[op]魔法使いの日記／ロス ※呪文は耳コピ（検証中） bb240 (On-Off),-,,ゆに,,2026/1/12
けんちぃ部屋,10,Lavish!!,勇者パーティーにかわいい子がいたので、告白してみた。 OP,吉乃,けんちぃ,,2026/1/12
MiO部屋,10,Let Me Be With You,ちょびっツ OP,ROUND TABLE featuring Nino,cp,,2026/01/12
なぎ部屋,10,KICK BACK(English Version),チェンソーマン,NateWantsToBattle,やん,,2026/01/12
芝ちゃん部屋,10,【シャンピニオンの魔女】[op]魔法使いの日記／ロス ※呪文は耳コピ（検証中） bb240 (On-Off),-,,ゆに,,2026/01/12
けんちぃ部屋,10,Lavish!!,勇者パーティーにかわいい子がいたので、告白してみた。 OP,吉乃,けんちぃ,,2026/01/12
なぎ部屋,9,レイドバックジャーニー【Ver2】,ゆるキャン△ SEASON3 OP,キミのね,なぎ,,2026/1/12
けんちぃ部屋,9,戦場の華【_last版】,最後にひとつだけお願いしてもよろしいでしょうか OP,CHiCO with HoneyWorks,ブルーベリー,最終話でこれとわたむりの個人的ランキングがグッと上がりました,2026/1/12
MiO部屋,9,想い咲く時,薬屋のひとりごと 第24話挿入歌,アオイエマ。,みにゅ,,2026/01/12
なぎ部屋,9,レイドバックジャーニー【Ver2】,ゆるキャン△ SEASON3 OP,キミのね,なぎ,,2026/01/12
けんちぃ部屋,9,戦場の華【_last版】,最後にひとつだけお願いしてもよろしいでしょうか OP,CHiCO with HoneyWorks,ブルーベリー,最終話でこれとわたむりの個人的ランキングがグッと上がりました,2026/01/12
なぎ部屋,8,未確認飛行船,デジモンアドベンチャー: OP,谷本貴義,ジョージ,,2026/1/12
芝ちゃん部屋,8,【ひみつのアイプリ】『』[わいるど☆すたー]「八王子ビビ（CV.寺澤百花）　真実夜チィ（CV．大地薫）」(On-Off)(百合川)／ビビ＆チィバージョン,-,,芝ちゃん,,2026/1/12
けんちぃ部屋,8,晴々!【Ver2】,天穂のサクナヒメ OP,いきものがかり,サイバードラゴン,,2026/1/12
MiO部屋,8,【キングダム】咆哮／友成空 ※公式MV bb213 (On-Off),-,,MiO,,2026/01/12
なぎ部屋,8,未確認飛行船,デジモンアドベンチャー: OP,谷本貴義,ジョージ,,2026/01/12
芝ちゃん部屋,8,【ひみつのアイプリ】『』[わいるど☆すたー]「八王子ビビ（CV.寺澤百花）　真実夜チィ（CV．大地薫）」(On-Off)(百合川)／ビビ＆チィバージョン,-,,芝ちゃん,,2026/01/12
けんちぃ部屋,8,晴々!【Ver2】,天穂のサクナヒメ OP,いきものがかり,サイバードラゴン,,2026/01/12
なぎ部屋,7,きと_機動戦士ガンダム鉄血のオルフェンズ_SPYAIR_RAGE OF DUST__1_yo_off-on_st_,き,,みぃちゃん,,2026/1/12
芝ちゃん部屋,7,インフィニティ_優里_SK∞ エスケーエイト(OFF_ON),い,,ジョージ,,2026/1/12
けんちぃ部屋,7,Utopia or Dystopia(cut&コーラス入-on)_青藍島ver,年齢制限版】【ぬきたし THE ANIMATION OP,夢乃ゆき,加古,,2026/1/12
MiO部屋,7,ニンギョヒメ,ちょびっツ ED 2,田中理恵,団長,,2026/01/12
なぎ部屋,7,きと_機動戦士ガンダム鉄血のオルフェンズ_SPYAIR_RAGE OF DUST__1_yo_off-on_st_,き,,みぃちゃん,,2026/01/12
芝ちゃん部屋,7,インフィニティ_優里_SK∞ エスケーエイト(OFF_ON),い,,ジョージ,,2026/01/12
けんちぃ部屋,7,Utopia or Dystopia(cut&コーラス入-on)_青藍島ver,年齢制限版】【ぬきたし THE ANIMATION OP,夢乃ゆき,加古,,2026/01/12
なぎ部屋,6,Raise your flag,機動戦士ガンダム 鉄血のオルフェンズ OP1,MAN WITH A MISSION,やん,,2026/1/12
芝ちゃん部屋,6,うたたねサンシャイン,田中くんはいつもけだるげ OP,Unlimited tone,団長,,2026/1/12
けんちぃ部屋,6,To lose in amber,奴隷市場 OP,島宮えい子,ぱにょ,,2026/1/12
MiO部屋,6,[IN]POP IN 2【《Ver2.1》パート分け有り】,【推しの子】,B小町,cp,,2026/01/12
なぎ部屋,6,Raise your flag,機動戦士ガンダム 鉄血のオルフェンズ OP1,MAN WITH A MISSION,やん,,2026/01/12
芝ちゃん部屋,6,うたたねサンシャイン,田中くんはいつもけだるげ OP,Unlimited tone,団長,,2026/01/12
けんちぃ部屋,6,To lose in amber,奴隷市場 OP,島宮えい子,ぱにょ,,2026/01/12
なぎ部屋,5,Dreamer,TARI TARI OP,AiRI,なぎ,よろしくお願いします。,2026/1/12
芝ちゃん部屋,5,仮装狂騒曲(パート分け有),学園アイドルマスター IM,初星学園,cp,,2026/1/12
けんちぃ部屋,5,若葉のころ,綺麗にしてもらえますか。 ED,清浦夏実,けんちぃ,練習する,2026/1/12
MiO部屋,5,【湾岸MIDNIGHT 】lights and any more ※OP (DJKOO＋UVRコーラス入-UVRコーラス入-on) ／ TRF,-,,みにゅ,,2026/01/12
なぎ部屋,5,Dreamer,TARI TARI OP,AiRI,なぎ,よろしくお願いします。,2026/01/12
芝ちゃん部屋,5,仮装狂騒曲(パート分け有),学園アイドルマスター IM,初星学園,cp,,2026/01/12
けんちぃ部屋,5,若葉のころ,綺麗にしてもらえますか。 ED,清浦夏実,けんちぃ,練習する,2026/01/12
なぎ部屋,4,IRIS OUT,劇場版 チェンソーマン レゼ篇,米津玄師,ジョージ,,2026/1/12
芝ちゃん部屋,4,【シャンピニオンの魔女】魔法使いの日記 ※OP暫定版 ／ ロス,-,,ゆに,,2026/1/12
けんちぃ部屋,4,【劇場版総集編 ガールズバンドクライ】[op]もう何もいらない未来／トゲナシトゲアリ bb239 (On-Off),-,,ブルーベリー,よろしくお願いしますー 練習中ー,2026/1/12
MiO部屋,4,おれが正義だ!ジャスピオン,巨獣特捜ジャスピオン,アイ高野,MiO,,2026/01/12
なぎ部屋,4,IRIS OUT,劇場版 チェンソーマン レゼ篇,米津玄師,ジョージ,,2026/01/12
芝ちゃん部屋,4,【シャンピニオンの魔女】魔法使いの日記 ※OP暫定版 ／ ロス,-,,ゆに,,2026/01/12
けんちぃ部屋,4,【劇場版総集編 ガールズバンドクライ】[op]もう何もいらない未来／トゲナシトゲアリ bb239 (On-Off),-,,ブルーベリー,よろしくお願いしますー 練習中ー,2026/01/12
なぎ部屋,3,救世主,悲劇の元凶となる最強外道ラスボス女王は民の為に尽くします。 OP,月詠み,みぃちゃん,再放送やってるのでよろしく(・・。)ゞ,2026/1/12
芝ちゃん部屋,3,アルカテイル,Summer Pockets OP,鈴木このみ,芝ちゃん,,2026/1/12
けんちぃ部屋,3,祝福,機動戦士ガンダム 水星の魔女 OP1,YOASOBI,サイバードラゴン,とりあえず一曲目は大体これ,2026/1/12
MiO部屋,3,夢でいっぱい,キボウノチカラ～オトナプリキュア'23～ IN 第7話,"伊瀬茉莉也,春日野うらら",団長,,2026/01/12
なぎ部屋,3,救世主,悲劇の元凶となる最強外道ラスボス女王は民の為に尽くします。 OP,月詠み,みぃちゃん,再放送やってるのでよろしく(・・。)ゞ,2026/01/12
芝ちゃん部屋,3,アルカテイル,Summer Pockets OP,鈴木このみ,芝ちゃん,,2026/01/12
けんちぃ部屋,3,祝福,機動戦士ガンダム 水星の魔女 OP1,YOASOBI,サイバードラゴン,とりあえず一曲目は大体これ,2026/01/12
なぎ部屋,2,Let's Just Live,るRWBY Vol.4,Jeff Williams Feat.Casey Lee Williams,やん,,2026/1/12
芝ちゃん部屋,2,にゃん酷なにゃんこのテーゼ,にゃんこ大戦争 IM,高橋洋子,ジョージ,,2026/1/12
けんちぃ部屋,2,Never the Fever!!【_不徳版】,不徳のギルド すごく不徳なAT-X ver. OP,佐咲紗花,加古,,2026/1/12
MiO部屋,2,キミとルララ【パート分け】,キミとアイドルプリキュア♪ ED2,松岡美里,cp,,2026/01/12
なぎ部屋,2,Let's Just Live,るRWBY Vol.4,Jeff Williams Feat.Casey Lee Williams,やん,,2026/01/12
芝ちゃん部屋,2,にゃん酷なにゃんこのテーゼ,にゃんこ大戦争 IM,高橋洋子,ジョージ,,2026/01/12
けんちぃ部屋,2,Never the Fever!!【_不徳版】,不徳のギルド すごく不徳なAT-X ver. OP,佐咲紗花,加古,,2026/01/12
なぎ部屋,1,チェリー,明日ちゃんのセーラー服,蛇森生静(CV:神戸光歩),test,,2026/1/12
芝ちゃん部屋,1,声出し,,,システム,,2026/1/12
けんちぃ部屋,1,ユートピア,月が導く異世界道中 第二幕 OP,須田景凪,ぱにょ,,2026/1/12
MiO部屋,1,【シャンピニオンの魔女】魔法使いの日記 ※OP暫定版 ／ ロス,-,,みにゅ,よろしくお願いします。,2026/01/12
なぎ部屋,1,チェリー,明日ちゃんのセーラー服,蛇森生静(CV:神戸光歩),test,,2026/01/12
芝ちゃん部屋,1,声出し,,,システム,,2026/01/12
けんちぃ部屋,1,ユートピア,月が導く異世界道中 第二幕 OP,須田景凪,ぱにょ,,2026/01/12
けんちぃ部屋,82,Naru,ツルネ -風舞高校弓道部- OP,ラックライフ,みぃちゃん,久しぶりに歌う⸜(* * )⸝,2026/1/11
ほっしー部屋,82,破滅の純情,マクロスΔ(デルタ) ED 2,ワルキューレ,待雪,,2026/1/11
けんちぃ部屋,81,君が灯してくれた光を今【_第1話ED版】,29歳独身中堅冒険者の日常 OP,"HoneyWorks,Hanon",けんちぃ,昨日せっかく作成したので〜,2026/1/11
ほっしー部屋,81,ヒトリゴト【パート分けhossy026】,エロマンガ先生 OP,ClariS,みなぴー,オンボーカルで入っています。 二手に別れてパート分けしようぜ。,2026/1/11
けんちぃ部屋,80,主題歌 My Heart Will Go On,タイタニック,Celine Dion,レイフ,,2026/1/11
ほっしー部屋,80,生きて生きてゆく【アニメ映像】,ガールズバンドクライ,トゲナシトゲアリ,hossy,,2026/1/11
けんちぃ部屋,79,未来ROMANCER,レイナ剣狼伝説Ⅰ OP,渡辺絵麻,ミエロシ羊助,,2026/1/11
芝ちゃん部屋,79,有頂天人生,有頂天家族 OP,milktub,ぱにょ,,2026/1/11
ほっしー部屋,79,DAYBREAK'S BELL,機動戦士ガンダム00 OP,L'Arc～en～Ciel,ギン,ファーストが2000以前だった…！,2026/1/11
冨塚部屋,79,エリカのバラード,闘将ダイモス ED,かおりくみこ、大倉正丈,鳥りん,,2026/1/11
けんちぃ部屋,78,会心ノ一撃  キー変更： -2,グレンダイザーU OP,GLAY,MAMORU,,2026/1/11
tukinowa部屋,78,希望よそれは,円卓の騎士物語 燃えろアーサー OP,ささきいさお、こおろぎ'73,tukinowa,,2026/1/11
芝ちゃん部屋,78,やわく恋して ～ずっと僕らでいられますように～,甘神さんちの縁結び OP,ももいろクローバーZ,→じょお,,2026/1/11
ほっしー部屋,78,もうどうなってもいいや,機動戦士Gundam GQuuuuuuX ED,星街すいせい,待雪,,2026/1/11
えみち部屋,78,カーテンコール,僕のヒーローアカデミア OP 13,優里,はる,オンで入れてるので歌える方一緒に歌ってください♪,2026/1/11
冨塚部屋,78,黄金戦士ゴールドライタン,黄金戦士ゴールドライタン OP,宮内良,揚丸,,2026/1/11
けんちぃ部屋,77,我が名は牙狼【5パート】,牙狼-GARO- ～MAKAISENKI～,JAM Project,みぃちゃん,,2026/1/11
tukinowa部屋,77,斗え!!超神ビビューン【2ch off-on】(G) -佐々木功 -超人ビビューン,-,,ウル,,2026/1/11
芝ちゃん部屋,77,Magia【_パート分け】,魔法少女まどか☆マギカ ED,Kalafina,如月朔耶,,2026/1/11
ほっしー部屋,77,ALIVE【パート分け】,リコリス・リコイル OP,ClariS,みなぴー,みんな歌えると思いますが オンボーカルでいれてあります。 歌える人で二手に別れてパート分け出来れば。,2026/1/11
えみち部屋,77,ロングホープ・フィリア,僕のヒーローアカデミア THE MOVIE-2人の英雄- ED,菅田将暉,アイス,,2026/1/11
冨塚部屋,77,12FRIENDS,悪魔くん,Y.F ZOMBIE COMPANY,富井精市,,2026/1/11
けんちぃ部屋,76,Get Wild-影山ヒロノブカバー【CITY HUNTER仏版映画動画】,-,,けんちぃ,,2026/1/11
tukinowa部屋,76,好敵手,宇宙戦艦ヤマト,ささきいさお,明（めい）,,2026/1/11
芝ちゃん部屋,76,My Way【パート分け無し】,グリーングリーン2 恋のスペシャルサマー ED,URAN,芝ちゃん,,2026/1/11
ほっしー部屋,76,花の塔,リコリス・リコイル ED,さユり,hossy,,2026/1/11
えみち部屋,76,Shout Baby,僕のヒーローアカデミア ED,緑黄色社会,雪兎,自信は無いけど、歌えそうな曲。,2026/1/11
冨塚部屋,76,SAYONARA(tukinowaさん版),銀河鉄道999【劇場版】,Mary Macgregor,鳥りん,,2026/1/11
けんちぃ部屋,75,ダイアの花,BLACK CAT,より子,レイフ,,2026/1/11
tukinowa部屋,75,明日夢みて,科学忍者隊ガッチャマン II,"ささきいさお, 堀江美都子",おと,ミッチー募集！,2026/1/11
芝ちゃん部屋,75,劇場アニメ_ひゃくえむ。 主題歌_らしさ_Official髭男dism_2CH,-,,ぱにょ,,2026/1/11
ほっしー部屋,75,Inferno【OffVocal】,で (伝説の勇者の伝説)Last,,ギン,,2026/1/11
えみち部屋,75,THE REVO【FINAL SEASON】,僕のヒーローアカデミア,ポルノグラフィティ,えみち,,2026/1/11
冨塚部屋,75,悪魔くん,悪魔くん,こおろぎ'73、WILD CATS,揚丸,,2026/1/11
けんちぃ部屋,74,ウルトラマンG (グレート) オリジナル原語版OP_ULTRAMAN_JAY HACKETT_2CH,う,,ミエロシ羊助,,2026/1/11
tukinowa部屋,74,銀河鉄道999【2ch off-on】(G) -佐々木功 -銀河鉄道999,-,,だんちょう,,2026/1/11
芝ちゃん部屋,74,大河よ共に泣いてくれ_フランシュシュ_ゾンビランドサガ リベンジOP_naoo作,-,,→じょお,,2026/1/11
ほっしー部屋,74,晴る,葬送のフリーレン OP,ヨルシカ,待雪,,2026/1/11
えみち部屋,74,蕾,僕のヒーローアカデミア 7期 IM,Duca,和穂,,2026/1/11
冨塚部屋,74,たとえ君が微笑んでも,新機動戦記ガンダムW IN,緑川光,富井精市,,2026/1/11
けんちぃ部屋,73,戦場の華【_last版】,最後にひとつだけお願いしてもよろしいでしょうか OP,CHiCO with HoneyWorks,みぃちゃん,,2026/1/11
tukinowa部屋,73,機動戦艦ナデシコ_正義のロボット ゲキ・ガンガー3,-,佐々木功,tukinowa,,2026/1/11
成田部屋,73,真夏のイヴ,天地無用! 真夏のイヴ ED,永井真理子,睦月★セナ,ラストソング?今日のアラフォー会もめちゃくちゃ楽しかったです!ありがとうございました!!,2026/1/11
芝ちゃん部屋,73,Peace of mind,蒼穹のファフナー RIGHT OF LEFT ～single program～ ED,angela,如月朔耶,,2026/1/11
ほっしー部屋,73,Underclass HERO【仮】,3年Z組銀八先生,LONGMAN,みなぴー,オンボーカルで入れています。 パート分け出来れば。,2026/1/11
えみち部屋,73,Make my story,僕のヒーローアカデミア OP 5,Lenny code fiction,はる,,2026/1/11
冨塚部屋,73,アパッチ野球軍,アパッチ野球軍,林恵々子,鳥りん,,2026/1/11
けんちぃ部屋,72,Mysterious Flower【《公式アニメMV》】  キー変更： -2,レイトン教授と奇跡の仮面 ED,松任谷由実,MAMORU,,2026/1/11
tukinowa部屋,72,青い地球【2ch off-on】(G) -佐々木功 -銀河鉄道999,-,,ウル,,2026/1/11
成田部屋,72,ダイアモンド クレバス  キー変更：+4,マクロスF ED 1,May'n,ちゃがま,,2026/1/11
芝ちゃん部屋,72,ずっと君のそばで,烈火の炎 Ed,増田ゆき,芝ちゃん,,2026/1/11
ほっしー部屋,72,℃,ツルネ -つながりの一射- OP,ラックライフ,hossy,,2026/1/11
えみち部屋,72,僕のヒーローアカデミア 2nd OP2_空に歌えば_amazarashi_2CH,-,,アイス,,2026/1/11
冨塚部屋,72,紅孔雀のうた,NHK連続人形劇「紅孔雀」OP,紙ふうせん、ヤング・フレッシュ,揚丸,,2026/1/11
けんちぃ部屋,71,Make Me Wonder,ダーウィン事変 OP,Official髭男dism,けんちぃ,,2026/1/11
tukinowa部屋,71,不滅のマシン ゲッターロボ,ゲッターロボG・ED,ささきいさお、コロムビアゆりかご会,明（めい）,,2026/1/11
成田部屋,71,Fluorite Eye's Song【ヴィヴィ】,Vivy -Fluorite Eye's Song- IN 13話,"ヴィヴィ,八木海莉",KURO,,2026/1/11
芝ちゃん部屋,71,劇場アニメ_HELLO WORLD 主題歌_イエスタデイ_Official髭男dism_2CH,-,,ぱにょ,,2026/1/11
ほっしー部屋,71,【劇場版 ゾンビランドサガ ゆめぎんがパラダイス】今を未来をありがとう※6パート、PV+1期2期映像｜(Off-On)｜フランシュシュ｜ギン,,,ギン,,2026/1/11
えみち部屋,71,航海の唄,僕のヒーローアカデミア ED,さユり,雪兎,これも歌いたかった曲！縛りで再確認したら、いい曲です。,2026/1/11
冨塚部屋,71,幾時代ありまして,魁!男塾,一世風靡SEPIA,富井精市,,2026/1/11
けんちぃ部屋,70,一閃【_パート分け】,暗殺者である俺のステータスが勇者よりも明らかに強いのだが OP,VESPERBELL,レイフ,よろしくお願いします,2026/1/11
tukinowa部屋,70,星のペンダント,ヤマトよ永遠に,ささきいさお,おと,,2026/1/11
成田部屋,70,ランナー(デュエットバージョン),超時空要塞マクロス Flash Back 2012 ED,藤原誠、飯島真理、長谷有洋,成田,せっかく睦月さんが来てくれたので！,2026/1/11
芝ちゃん部屋,70,革命道中,ダンダダン(第2期) OP,アイナ・ジ・エンド,→じょお,,2026/1/11
ほっしー部屋,70,Vermillion,ぼくらの ED,石川智晶,待雪,,2026/1/11
えみち部屋,70,スターマーカー,僕のヒーローアカデミア OP,KANA-BOON,えみち,,2026/1/11
冨塚部屋,70,夜霧のハニー,キューティーハニー,前川陽子,鳥りん,,2026/1/11
けんちぃ部屋,69,小休止,,,けんちぃ,,2026/1/11
tukinowa部屋,69,ミッドナイト デカレンジャー【2ch off-on】(G) -佐々木功 -特捜戦隊デカレンジャー,み,,だんちょう,,2026/1/11
成田部屋,69,ノーザンクロス,マクロスF ED 2,May'n,紫翠,,2026/1/11
芝ちゃん部屋,69,08 ヘミソフィア,Open Air Museum 2017,坂本真綾,如月朔耶,,2026/1/11
ほっしー部屋,69,徒花ネクロマンシー【パート分け】,ゾンビランドサガ OP,フランシュシュ,みなぴー,オンボーカルでいれてあります。 歌える人でパート分けしようぜ。,2026/1/11
えみち部屋,69,HEROES  キー変更：+2,僕のヒーローアカデミア ED,Brian the Sun,和穂,,2026/1/11
冨塚部屋,69,わが青春のアルカディア,わが青春のアルカディア,渋谷哲平,揚丸,,2026/1/11
けんちぃ部屋,68,アストロガンガー OP_アストロガンガー_水木一郎、コロムビアゆりかご会_2CH_画質UP版,あ,,明（めい）,,2026/1/11
tukinowa部屋,68,戦いの詩,グレンダイザー ゲッターロボG グレートマジンガー 決戦! 大海獣 挿入歌,ささきいさお,tukinowa,,2026/1/11
成田部屋,68,over the sky,Last Exile,黒石ひとみ,睦月★セナ,めっちゃ久しぶりに歌いたくなりましたw,2026/1/11
芝ちゃん部屋,68,【学園アイドルマスター】[IN]starmine／Begrazia(十王星南・秦谷美鈴・花海佑芽) ※パート分け有・公式MVとダンスMV bb237 (On-Off),-,,ブルーベリー,おつかれさまでした 正月の6時間学マスが良かったので,2026/1/11
ほっしー部屋,68,Galaxy Anthem【Ver2 正式歌詞版・ヴィヴィ】,Vivy -Fluorite Eye's Song- OP 7話,"ディーヴァ,八木海莉",hossy,1830までです。よろしくお願いします,2026/1/11
えみち部屋,68,嘘じゃない,僕のヒーローアカデミア ED 9,崎山蒼志,はる,,2026/1/11
冨塚部屋,68,21Century -銀河を越えて-,戦国魔神ゴーショーグン ED,藤井健,富井精市,,2026/1/11
けんちぃ部屋,67,ゆけ! バンババン,侍ジャイアンツ ED2,ロイヤルナイツ,けんちぃ,,2026/1/11
tukinowa部屋,67,ジャッカー電撃隊【2ch off-on】(G) -佐々木功 -ジャッカー電撃隊,し,,ウル,,2026/1/11
成田部屋,67,秘密基地  キー変更：+4,交響詩篇エウレカセブン ED 1,高田梢枝,ちゃがま,,2026/1/11
芝ちゃん部屋,67,Love is Changing,烈火の炎 Ed,西田ひかる,芝ちゃん,,2026/1/11
ほっしー部屋,67,"悠久ネバーダイ【6パート分け,Ver.1.0(PV+1期2期OP)】",劇場版 ゾンビランドサガ ゆめぎんがパラダイス 劇中歌,フランシュシュ,ギン,,2026/1/11
えみち部屋,67,僕のヒーローアカデミア 4期 OP_ポラリス_BLUE ENCOUNT_2CH ver02,-,,アイス,,2026/1/11
冨塚部屋,67,Chance On Love,うる星やつら,CINDY,鳥りん,,2026/1/11
けんちぃ部屋,66,行けレインボーマン,-,,ウル,,2026/1/11
tukinowa部屋,66,闘将ダイモス OP_立て!闘将ダイモス_ささきいさお・コロムビアゆりかご会_2CH_画質UP版,-,,明（めい）,,2026/1/11
成田部屋,66,瞳のこたえ,07-GHOST ED,Noria,KURO,,2026/1/11
芝ちゃん部屋,66,獣の奏者 エリン OP1_雫_スキマスイッチ_2CH_OFF改,-,,ぱにょ,,2026/1/11
ほっしー部屋,66,花になって,薬屋のひとりごと OP 1,緑黄色社会,待雪,,2026/1/11
えみち部屋,66,だから、ひとりじゃない,僕のヒーローアカデミア,Little Glee Monster,雪兎,頑張るー。,2026/1/11
冨塚部屋,66,姫のためならば,SF西遊記スタージンガー,コロムビアゆりかご会、こおろぎ'73,揚丸,,2026/1/11
けんしん部屋,65,射手座☆午後九時Don't be late,マクロスF 虚空歌姫～イツワリノウタヒメ～ IN,May'n,藤原,今度こそoff…？,2026/1/11
けんちぃ部屋,65,ソルジャー・イン・ザ・スペース (Xボンバー_OP) BOWWOW (2ch_VC_ON) spleeter版  キー変更： -4,そ,,明（めい）,,2026/1/11
tukinowa部屋,65,その名もタクマ宇宙パイロット,惑星ロボ ダンガードA ED,ささきいさお,おと,,2026/1/11
成田部屋,65,FIND THE WAY,機動戦士ガンダムSEED スペシャルエディション完結編 鳴動の宇宙 ED,中島美嘉,成田,うん十年ぶりかも,2026/1/11
芝ちゃん部屋,65,花咲く道で【手嶌葵 MV】,ある魔女が死ぬまで ED,手嶌葵,→じょお,,2026/1/11
ほっしー部屋,65,Loo% Who%【_パート分け】,グノーシア ED,凛として時雨,みなぴー,,2026/1/11
えみち部屋,65,ピースサイン【公式アニメMV】,僕のヒーローアカデミア,米津玄師,えみち,,2026/1/11
冨塚部屋,65,海で会えるよ,七つの海のティコ IN,篠塚満由美,富井精市,,2026/1/11
けんしん部屋,64,トライアングラー,マクロスF OP 1,坂本真綾,加古,,2026/1/11
けんちぃ部屋,64,【スカイキッドブラック魔王 OP EDメドレー】スカイキッド・ブラック魔王、ケンケン大空を行く(cut&コーラス入-off-on)_けんちぃ_912,-,,けんちぃ,,2026/1/11
tukinowa部屋,64,機動戦艦ナデシコ_勝利のVだ!ゲキ・ガンガーV,-,佐々木功,だんちょう,よろしくお願いします！,2026/1/11
成田部屋,64,and FOREVER…,THE ビッグオー ED,ROBBIE DANZIE with 高尾直樹,紫翠,KUROさん、お願いします！,2026/1/11
芝ちゃん部屋,64,Vermillion,ぼくらの ED,石川智晶,如月朔耶,,2026/1/11
ほっしー部屋,64,部屋移動(小休止),-,,hossy,部屋移動の時間です,2026/1/11
えみち部屋,64,アップデート,僕のヒーローアカデミア ED 4,miwa,和穂,,2026/1/11
冨塚部屋,64,シークレットデザイアー,スペースコブラ,前野曜子,鳥りん,,2026/1/11
けんしん部屋,63,チェンジ!!!!!【パート分け有・音源追加】,劇場版マクロスΔ 激情のワルキューレ IN,ワルキューレ,けんしん,,2026/1/11
けんちぃ部屋,63,ポールのミラクル大作戦 OP_ポールの冒険_大杉久美子・コロムビアゆりかご会_2CH,ほ,,ウル,,2026/1/11
tukinowa部屋,63,Over “Quartzer”,仮面ライダージオウ,末吉秀太 featuring ISSA,藤原,,2026/1/11
成田部屋,63,"BELIEVE IN ME, BELIEVE IN YOU",巨神ゴーグ ED,STEAVE,ちゃがま,,2026/1/11
芝ちゃん部屋,63,【シャンピニオンの魔女】[op]魔法使いの日記／ロス ※呪文は耳コピ（検証中） bb240 (On-Off),-,,ブルーベリー,,2026/1/11
ほっしー部屋,63,サマータイムゴースト,九龍ジェネリックロマンス OP,水曜日のカンパネラ,ゆに,,2026/1/11
えみち部屋,63,Merry-Go-Round,僕のヒーローアカデミア OP 9,MAN WITH A MISSION,はる,よろしくお願いします！,2026/1/11
冨塚部屋,63,メリーはただのともだち,キテレツ大百科,藤田淑子,揚丸,,2026/1/11
けんしん部屋,62,飯島真理,超時空要塞マクロス 愛・おぼえていますか EDテーマ_天使の絵の具,4CH,がんのす,,2026/1/11
けんちぃ部屋,62,空手道おとこ道,空手バカ一代 ED,山崎照朝・ロイヤルナイツ,明（めい）,,2026/1/11
tukinowa部屋,62,DEEP BREATH【2ch off-on】(G) -ROLLY -仮面ライダーアギト,-,,tukinowa,,2026/1/11
成田部屋,62,BE FREE,鎧伝サムライトルーパー ED,森口博子,睦月★セナ,トルーパーED2曲目で!!! >> (T_T)…ｱﾘｶﾞﾄｺﾞｻﾞｲﾏｽ 征士最高!!!!!! by 紫翠,2026/1/11
芝ちゃん部屋,62,ベイビーステップ,ベイビーステップ Ed,ベイビーレイズ,芝ちゃん,,2026/1/11
ほっしー部屋,62,らしさ【公式アニメMV】,ひゃくえむ。,Official髭男dism,アイス,いける方、サビ一緒にお願いします♪,2026/1/11
えみち部屋,62,I,僕のヒーローアカデミア FINAL SEASON ED,GUMI,アイス,よろしくお願いします。,2026/1/11
冨塚部屋,62,星の1秒 (機甲界ガリアン_ED) EUROX (2ch_VC_ON) UVR online版,-,,富井精市,,2026/1/11
けんしん部屋,61,放課後オーバーフロウ,マクロスF 恋離飛翼～サヨナラノツバサ～,中島愛,せれろん,宜しくお願いします,2026/1/11
けんちぃ部屋,61,ロックリバーヘ,あらいぐまラスカル OP,大杉久美子 コロムビアゆりかご会,けんちぃ,,2026/1/11
tukinowa部屋,61,きただにひろし,魔弾戦記リュウケンドー,,鳥りん,,2026/1/11
成田部屋,61,ナミダボシ,BLACK CAT,パピーペット,KURO,,2026/1/11
芝ちゃん部屋,61,部屋移動の時間です。,,,システム,,2026/1/11
ほっしー部屋,61,Hello【bb156】,ToHeart2 OP,池田春菜,ブルーベリー,,2026/1/11
えみち部屋,61,だってアタシのヒーロー。,僕のヒーローアカデミア ED 3,LiSA,雪兎,よろしくお願いしますm(_ _)m,2026/1/11
冨塚部屋,61,ランのうた (原始少年リュウ_ED) 堀江美都子 (2ch_VC_ON) UVR online版,ら,,鳥りん,,2026/1/11
けんしん部屋,60,ダイアモンド クレバス_シェリル・ノーム starring May'n_マクロスFRONTIER,た,,藤原,ほぼFしかわからないのに来てしまったにわかですがよろしくお願いします！,2026/1/11
けんちぃ部屋,60,ヤッターキング,ヤッターマン,山本正之、スクールメイツ,ウル,,2026/1/11
tukinowa部屋,60,Voltes V Legacy (ボルテスV：レガシー) MAD_ボルテスVの歌_堀江美都子・こおろぎ'73・コロムビアゆりかご会_2CH  キー変更： -2,-,,MAMORU,,2026/1/11
成田部屋,60,ふたり【アニメ映像ver2.0・最終話まで】,ウマ娘 シンデレラグレイ ED2,"オグリキャップ(CV:高柳知葉),タマモクロス(CV:大空直美)",小休止,曲名はふたりだけど独りで歌います！よろしくてす！,2026/1/11
芝ちゃん部屋,60,虹色の砂時計,カスミン OP,"由紀さおり,安田祥子",雪兎,,2026/1/11
ほっしー部屋,60,SUPERNOVA【アニメ映像ver2.0・最終話まで】,Dr.STONE OP7,KANA-BOON,hossy,,2026/1/11
えみち部屋,60,THE DAY,僕のヒーローアカデミア OP 1,ポルノグラフィティ,えみち,よろしくお願いします！1週目なのでとりあえずw,2026/1/11
冨塚部屋,60,正義の使者だぜ ドテラマン,ドテラマン(OP),こおろぎ'73,揚丸,,2026/1/11
けんしん部屋,59,ワルキューレはあきらめない【《歌マクロス映像》パート有】,劇場版マクロスΔ 絶対LIVE!!!!!!,ワルキューレ,加古,,2026/1/11
けんちぃ部屋,59,オリンポスのポロン (おちゃめ神物語 コロコロポロン_OP) 原良枝 (2ch_VC_ON) spleeter版,お,,明（めい）,,2026/1/11
tukinowa部屋,59,科学戦隊ダイナマン,科学戦隊ダイナマン,,がんのす,,2026/1/11
成田部屋,59,Life Goes On,機動戦士ガンダムSEED DESTINY ED 2,有坂美香,紫翠,種デスED2,2026/1/11
芝ちゃん部屋,59,Dark Crow,ヴィンランド・サガ VINLAND SAGA OP2,MAN WITH A MISSION,揚丸,,2026/1/11
ほっしー部屋,59,恋のレトロニム【Ver2 完成版 最終話まで】,九龍ジェネリックロマンス ED,mekakushe,きりん,,2026/1/11
えみち部屋,59,ぼくらの  キー変更：+4,僕のヒーローアカデミア OP 11,Eve,和穂,,2026/1/11
冨塚部屋,59,異動,,,小休止,異動のお時間がやって参りました。,2026/1/11
けんしん部屋,58,ノーザンクロス,マクロスF ED 2,May'n,けんしん,よろしくお願いします。,2026/1/11
けんちぃ部屋,58,【どろろ OP】 どろろの歌(off-on) ／藤田淑子 ／ けんちぃ_063,-,,けんちぃ,,2026/1/11
tukinowa部屋,58,果てしない炎の中へ,仮面ライダー龍騎,"RIDER CHIPS,寺田恵子",藤原,,2026/1/11
成田部屋,58,Far away,鎧伝サムライトルーパー,アルミン・アルレルト(CV:井上麻里奈),睦月★セナ,最終ターン!ED縛りよろしくお願いいたします♪ >> \( ´ω` )/ by 紫翠,2026/1/11
芝ちゃん部屋,58,愛しい人へ,精霊の守り人 ED,タイナカサチ,せんり,,2026/1/11
ほっしー部屋,58,POP LIFE,矢野くんの普通の日々 OP,FANTASTICS,ゆに,,2026/1/11
えみち部屋,58,部屋移動です,,,システム,,2026/1/11
冨塚部屋,58,VANISHING TROOPER SPIRALARK ver,スーパーロボット大戦α ORIGINAL STORY D-3 IN,影山ヒロノブ,富井精市,,2026/1/11
けんしん部屋,57,TRY AGAIN,マクロス7 IN,FIRE BOMBER,がんのす,,2026/1/11
けんちぃ部屋,57,恐怖の町,怪奇大作戦,サニー・トーンズ,ウル,,2026/1/11
tukinowa部屋,57,スター！スター！カゲスター！【2ch off-on】(G) -水木一郎 コロムビアゆりかご会 -ザ・カゲスター,す,,tukinowa,,2026/1/11
成田部屋,57,本日のおすすめ,ラーメン赤猫,離婚伝説,ちゃがま,,2026/1/11
芝ちゃん部屋,57,kaleido proud fiesta【《公式アニメMV》】,TIGER&BUNNY 2 OP,UNISON SQUARE GARDEN,KURO,,2026/1/11
ほっしー部屋,57,FLOOR KILLER,グノーシア ED2,梅田サイファー,アイス,ようこそ　グノーシアの世界へ,2026/1/11
えみち部屋,57,マジLOVE1000% (Animelo Summer Live 2012),うたの☆プリンスさまっ♪ マジLOVE1000%,ST☆RISH,加古,,2026/1/11
冨塚部屋,57,RUN,魔法騎士レイアース IM,イーグル・ビジョン(緒方恵美),待雪,,2026/1/11
けんしん部屋,56,あの日のことば,本好きの下剋上 OP 3,東山奈央,→じょお,,2026/1/11
けんちぃ部屋,56,エイトマン,エイトマン,たいらいさお,明（めい）,,2026/1/11
tukinowa部屋,56,JIKU～未来戦隊タイムレンジャー,未来戦隊タイムレンジャー,,鳥りん,,2026/1/11
成田部屋,56,宇宙の王者グレンダイザー,UFOロボ グレンダイザー ED,ささきいさお、こおろぎ'73,KURO,,2026/1/11
芝ちゃん部屋,56,One,メジャーセカンド Ed,SHE'S,芝ちゃん,,2026/1/11
ほっしー部屋,56,【ウィッチウォッチ】[ED]月と私のかくれんぼ／yutori (on-off) ※bb178,-,,ブルーベリー,忘れている、、、　記憶想起,2026/1/11
えみち部屋,56,STRAIGHT JET  キー変更： -5,IS<インフィニット・ストラトス> OP,栗林みな実,レイフ,,2026/1/11
冨塚部屋,56,モロダシ・ヒロインけっこう仮面,けっこう仮面 (OVA版),篠原恵美,睦月★セナ,多分ここでしか許されないのでwリクエストで!!(ここ大事w ),2026/1/11
けんしん部屋,55,[Fate Stay Night 20Th記念 [Unlimited Blade Works公演]] ring your bell,,,YOGAN,,2026/1/11
けんちぃ部屋,55,誠之介武芸帳,妖術武芸帳 OP,ザ・ワンダース,けんちぃ,,2026/1/11
tukinowa部屋,55,恐竜戦隊コセイドン_水木一郎_恐竜戦隊コセイドン(UVR-on)【ハネケン】,-,,MAMORU,,2026/1/11
成田部屋,55,,,,小休止,,2026/1/11
芝ちゃん部屋,55,鳥になる時,コレクターユイ(第2期) OP,彩月,雪兎,,2026/1/11
ほっしー部屋,55,アオとキラメキ【最終話までVer2】,その着せ替え人形は恋をする Season 2 OP,スピラ・スピカ,hossy,,2026/1/11
えみち部屋,55,魔法少女リリカルなのはA's PORTABLE -THE GEARS OF DESTINY- - ROMANCERS' NEO／水樹奈々「NANA MIZUKI LIVE HOME 2022」『on-cut chorus-UVR-cut』※エレガ,-,,おと,,2026/1/11
冨塚部屋,55,TIME TO COME (第4次スーパーロボット大戦_BGM) MIQ (2ch_VC_ON) UVR-MDX版,-,,だんちょう,,2026/1/11
けんしん部屋,54,神っぽいな【2DMV】,プロジェクトセカイ カラフルステージ! feat. 初音ミク IM,25時、ナイトコードで。,ぱにょ,,2026/1/11
けんちぃ部屋,54,さすらいの太陽,さすらいの太陽,"スリー・グレイセス, ボーカル・ショップ",ウル,,2026/1/11
tukinowa部屋,54,銀河の王者 ギンガイオー,星獣戦隊ギンガマン,宮内タカユキ,がんのす,,2026/1/11
成田部屋,54,GIRIGIRI,ワールドトリガー,ソナーポケット,ギン,リメイクするらしい？ 緑いきます！ >> リメイク期待〰️ by 成田 >> 声がgirigiri by みぃちゃん,2026/1/11
芝ちゃん部屋,54,First Pain,エレメントハンター,石川智晶,揚丸,,2026/1/11
ほっしー部屋,54,TURN OVER,陰陽廻天 Re:バース ED,9Lana,きりん,,2026/1/11
えみち部屋,54,ORIGINAL RESONANCE,うたの☆プリンスさまっ♪ マジLOVEレボリューションズ,"鈴村健一,宮野真守",如月朔耶,,2026/1/11
冨塚部屋,54,さよならの花束,魔法騎士レイアース IN,小杉十郎太,富井精市,,2026/1/11
けんしん部屋,53,"化けの皮 feat. こぼ・かなえる, 重音テト, Giga & TeddyLoid【パート分けVer2】",グノーシア OP,MAISONdes,けんしん,,2026/1/11
けんちぃ部屋,53,星の炎に(TVsize)  キー変更：+1,宇宙エース,みすず児童合唱団 東京混声合唱団,明（めい）,,2026/1/11
tukinowa部屋,53,NEXT LEVEL【2ch off-on】(G) -YU-KI -仮面ライダーカブト,-,,藤原,,2026/1/11
成田部屋,53,COSMIC CHILD,ガルフォース2 ディストラクション ED,白井貴子&Crazy Boys,ミエロシ羊助,,2026/1/11
芝ちゃん部屋,53,最高の片想い,彩雲国物語 Ed,タイナカサチ,せんり,,2026/1/11
ほっしー部屋,53,大大大好き  キー変更：+2,沖縄で好きになった子が方言すぎてツラすぎる OP,HY,ゆに,,2026/1/11
えみち部屋,53,PRESENTER  キー変更： -5,DOG DAYS OP,堀江由衣,えみち,,2026/1/11
冨塚部屋,53,サムライハート,鎧伝サムライトルーパー OP2,森口博子,待雪,,2026/1/11
けんしん部屋,52,Wanna be【パート分けVer2】,東島丹三郎は仮面ライダーになりたい OP,"TeddyLoid,松崎しげる,TOPHAMHAT-KYO (FAKE TYPE.)",みなぴー,オンボーカルで入っています。,2026/1/11
けんちぃ部屋,52,夕陽の男,紅三四郎 ED2_最終話版,嶋崎由里、山尾百合子,けんちぃ,,2026/1/11
tukinowa部屋,52,少年よ【2ch off-on】(G) -布施明 -仮面ライダー響鬼,-,,tukinowa,,2026/1/11
成田部屋,52,Blizzard,DRAGON BALL SUPER(超) ブロリー,三浦大知,みぃちゃん,まだ冬だもんねぇー,2026/1/11
芝ちゃん部屋,52,夢色のスプーン,スプーンおばさん,飯島真理,KURO,,2026/1/11
ほっしー部屋,52,ひとりごと【アニメ公式 MV】,薬屋のひとりごと 第2期,Omoinotake,アイス,,2026/1/11
えみち部屋,52,Floating up,カルマルカ*サークル OP,KOTOKO,加古,,2026/1/11
冨塚部屋,52,スターダストアイズ_浦西真理子,鎧伝 サムライトルーパー 前期OP,4CH,睦月★セナ,マクロスmy縛りから、フリーに戻って来ました♪,2026/1/11
けんしん部屋,51,1/2【G】,るろうに剣心-明治剣客浪漫譚- OP 2,川本真琴,→じょお,,2026/1/11
けんちぃ部屋,51,ひとりぼっちのメグ,魔女っ子メグちゃん,前川陽子,ウル,,2026/1/11
tukinowa部屋,51,緊急指令10-4・10-10  キー変更：+2,同 OP,水木襄、ザ・ブレッスン・フォー,鳥りん,,2026/1/11
成田部屋,51,Walküre Attack!,マクロスΔ(デルタ) IN 第6話、第10話、第13話,ワルキューレ,成田,,2026/1/11
芝ちゃん部屋,51,IDENTITY,メジャーセカンド Ed,雨のパレード,芝ちゃん,,2026/1/11
ほっしー部屋,51,[秋期限定栗きんとん事件]火星人【17話映像まで_bb113】,小市民シリーズ op,ヨルシカ,ブルーベリー,,2026/1/11
えみち部屋,51,Witch's Garden,ウィッチズガーデン OP,"佐藤ひろ美,飛蘭",レイフ,,2026/1/11
冨塚部屋,51,舞い翔べカルラ!_石原慎一,OVA 変幻退魔夜行 カルラ舞う OP,2CH,だんちょう,,2026/1/11
けんしん部屋,50,[魔法少女まどか☆マギカ Magia Exedra] lighthouse ／FictionJunction feat.LINO LEIA,,,YOGAN,,2026/1/11
けんちぃ部屋,50,遊星仮面  キー変更： -1,遊星仮面,ボーカル・ショップ,明（めい）,,2026/1/11
tukinowa部屋,50,ジライヤ【2ch off-on】(G) -串田アキラ -世界忍者戦ジライヤ  キー変更： -2,し,,MAMORU,,2026/1/11
成田部屋,50,幻想曲(アラベスク)を君に,SI-VIS:The Sound of Heroes 第3話挿入歌,SI-VIS,せれろん,,2026/1/11
芝ちゃん部屋,50,BOY MEETS GIRL(DA! DA! DA! REMIX),だぁ!だぁ!だぁ! ED,TRF,雪兎,,2026/1/11
ほっしー部屋,50,ひとひら,薫る花は凛と咲く IN,宮原ひとみ,hossy,,2026/1/11
えみち部屋,50,ポワゾンKISS,うたの☆プリンスさまっ♪ マジLOVE2000%,QUARTET NIGHT,おと,4人で歌えたら楽しい。一緒にいかが？,2026/1/11
冨塚部屋,50,アナタトイキル,機動戦艦ナデシコ お洒落倶楽部 IN,松井菜桜子,富井精市,,2026/1/11
けんしん部屋,49,神頼み【最終話まで】,出禁のモグラ OP,syudou,ぱにょ,,2026/1/11
けんちぃ部屋,49,幸せをはこぶメルモ,ふしぎなメルモ ED,桜井妙子,けんちぃ,,2026/1/11
tukinowa部屋,49,高取ヒデアキ,動物戦隊ジュウオウジャー_動物戦隊ジュウオウジャー,,がんのす,,2026/1/11
成田部屋,49,やくそく,結城友奈は勇者である -鷲尾須美の章- ED 3,"鷲尾須美(CV:三森すずこ),乃木園子(CV:花澤香菜)",ギン,せっかくなので,2026/1/11
芝ちゃん部屋,49,Dive in the Sky,ΠΛΑΝΗΤΕΣ-プラネテス OP,酒井ミキオ,揚丸,,2026/1/11
ほっしー部屋,49,【ガチアクタ ED】灯火(on-off)／DUSTCELL,灯火(on-off)/DUSTCELL,,きりん,,2026/1/11
えみち部屋,49,烈槍・ガングニール,戦姫絶唱シンフォギアG,マリア・カデンツァヴナ・イヴ(CV:日笠陽子),如月朔耶,,2026/1/11
冨塚部屋,49,レッツゴー ゲキ・ガンガー3,機動戦艦ナデシコ IN,"金田めろん,染谷由紀乃,小板橋博司,中村裕介,丸尾めぐみ",待雪,,2026/1/11
けんしん部屋,48,Viva! Spark!トロピカル～ジュ!プリキュア,トロピカル～ジュ!プリキュア OP,Machico,けんしん,,2026/1/11
けんちぃ部屋,48,正義の超能力少年,バビル2世,水木一郎,ウル,,2026/1/11
tukinowa部屋,48,"月ノミゾ知ル。【暴太郎戦隊ドンブラザーズ・ 桃井タロウ(樋口幸平), ソノイ(富永勇也)】",-,,藤原,へへ…へへ…,2026/1/11
成田部屋,48,素顔のスパイたち,GALL FORCE ETERNAL STORY,GALL FORCE ETERNAL BAND,ミエロシ羊助,,2026/1/11
芝ちゃん部屋,48,夢ノート,もしドラ,azusa,せんり,,2026/1/11
ほっしー部屋,48,光のすみか,瑠璃の宝石 OP,安田レイ,ゆに,,2026/1/11
えみち部屋,48,星風のホロスコープ  キー変更： -4,星空へ架かる橋 OP,のみこ,えみち,,2026/1/11
冨塚部屋,48,ハレイション,マクロス7 MUSIC SELECTION FROM GALAXY NETWORK CHART Vol.2,LARK SKYBEAUTY,睦月★セナ,タカヒロさん、作ってくれてありがとうございます!!,2026/1/11
けんしん部屋,47,Actor【Ver2 アニメ公式 MV】,SPY×FAMILY Season 3,幾田りら,みなぴー,,2026/1/11
けんちぃ部屋,47,あしたがすき  キー変更：+1,キャンディキャンディ,堀江美都子,明（めい）,,2026/1/11
tukinowa部屋,47,オーレ! オーレンジャー,youtube 動画,速水けんたろう and ZETKI,tukinowa,,2026/1/11
成田部屋,47,まほ_魔法少女サイト_i☆Ris_Changing point__1_yo_off-on_st_,ま,,みぃちゃん,,2026/1/11
芝ちゃん部屋,47,えがおのてんさい,ぷちぷり*ユーシィ OP,ぷちぷりーず,KURO,,2026/1/11
ほっしー部屋,47,ただ、君のままで,全修。 ED,Sou,アイス,,2026/1/11
えみち部屋,47,雪花繚乱,プリンセッション・オーケストラ In,プリンセス・ヴィオラ(鬼頭明里)プリンセス・ネージュ(伊藤美来),加古,,2026/1/11
冨塚部屋,47,星を飛び越えて (紅葉 & 桜バージョン),BLUE SEED IN,林原めぐみ・玉川紗己子,だんちょう,,2026/1/11
けんしん部屋,46,Party of Monsters,ゲゲゲの鬼太郎 私の愛した歴代ゲゲゲ,氷川きよし with t.komuro,→じょお,,2026/1/11
けんちぃ部屋,46,百鬼丸の歌,どろろ 挿入歌,葵公彦,けんちぃ,,2026/1/11
tukinowa部屋,46,こころはタマゴ  キー変更：+3,鳥人戦隊ジェットマン,,鳥りん,,2026/1/11
成田部屋,46,ともだち,結城友奈は勇者である -鷲尾須美の章- ED 2,"鷲尾須美(CV:三森すずこ),乃木園子(CV:花澤香菜),三ノ輪銀(CV:花守ゆみり)",成田,,2026/1/11
芝ちゃん部屋,46,I AM STANDING,3月のライオン Ed,RUANN,芝ちゃん,,2026/1/11
ほっしー部屋,46,【BanG Dream! Ave Mujica】[op]KiLLKiSS／Ave Mujica(On-Off) bb196,-,,ブルーベリー,よろしくお願いします,2026/1/11
えみち部屋,46,片翼のイカロス,H2O～FOOTPRINTS IN THE SAND～ OP,榊原ゆい,レイフ,,2026/1/11
冨塚部屋,46,DON'T FORGET YOUR DESTINY,遊撃宇宙戦艦ナデシコ IN,今井由香,富井精市,,2026/1/11
けんしん部屋,45,[凪のあすから] ebb and flow／Ray,,,YOGAN,,2026/1/11
けんちぃ部屋,45,おれは洸だ,勇者ライディーン,子門真人,ウル,,2026/1/11
tukinowa部屋,45,バトルフィーバーJ【2ch off-on】(G) -Mojo -バトルフィーバーJ  キー変更： -2,は,,MAMORU,,2026/1/11
成田部屋,45,アセンション【パート分けあり】,ひぐらしのなく頃に粋 OP,"彩音,いとうかなこ",せれろん,かな太郎パートやりたい,2026/1/11
芝ちゃん部屋,45,ハートを磨くっきゃない【後期ver】,飛べ!イサミ OP,TOKIO,雪兎,NHK達成ありがとうございますm(_ _)mよろしくお願いしますm(_ _)m,2026/1/11
ほっしー部屋,45,Yummy Yummy【パート分け】,日本へようこそエルフさん。 ED,"樋口楓,叶",hossy,よろしくお願いします 3ターン目は17:00までです,2026/1/11
えみち部屋,45,Chaos Rings III_世界ノ全部ガ敵ダトシテモ_新田恵海_2CH_GUY,-,,おと,,2026/1/11
冨塚部屋,45,MY FRIENDS,マクロス7 ED 1,FIRE BOMBER,待雪,,2026/1/11
けんしん部屋,44,楽園都市,COP CRAFT OP,オーイシマサヨシ,ぱにょ,,2026/1/11
けんちぃ部屋,44,サイボーグ009_マイスタージンガー_サイボーグ009(UVR-on)【ハネケン】,さ,,明（めい）,,2026/1/11
tukinowa部屋,44,【ニコカラ】 「仮面ライダーフォーゼ」 Switch On! 合いの手入り【Off Vocal】 - ニコニコ動画 GINZA,-,,鳥りん,,2026/1/11
成田部屋,44,ハナユイ【二人用】,結城友奈は勇者である 花結いのきらめき,"結城友奈,鷲尾須美,乃木若葉,楠芽吹,秋原雪花,古波蔵棗",ギン,,2026/1/11
芝ちゃん部屋,44,いつの日か旅する者よ【Cut-On】_小椋佳_アニメーション紀行 マルコ・ポーロの冒険,い,,揚丸,,2026/1/11
ほっしー部屋,44,リリィ,私を喰べたい、ひとでなし ED,八百歳比名子(CV.上田麗奈),きりん,,2026/1/11
えみち部屋,44,mind as Judgment,CANAAN,飛蘭,如月朔耶,,2026/1/11
冨塚部屋,44,恋のマホウ,マクロス ダイナマイト 7,FIRE BOMBER,睦月★セナ,まさかこの曲が入ってるとは!!w,2026/1/11
けんしん部屋,43,UNISONIA,バディ・コンプレックス,TRUE,けんしん,,2026/1/11
けんちぃ部屋,43,おれは新造人間,新造人間キャシャーン,佐々木功,けんちぃ,,2026/1/11
tukinowa部屋,43,Blue Togetherness【2ch off-on】(G) -宮内タカユキ -超電子バイオマン,-,,がんのす,,2026/1/11
成田部屋,43,トランスフォーマー ザ・ムービー 主題歌_The Transformers (Theme) _ライオン (Lion)_2CH,と,,ミエロシ羊助,,2026/1/11
芝ちゃん部屋,43,プリズム,電脳コイル OP,池田綾子,せんり,,2026/1/11
ほっしー部屋,43,星の鼓動,友達の妹が俺にだけウザい ED,こはならむ,ゆに,,2026/1/11
えみち部屋,43,Exterminate  キー変更： -5,戦姫絶唱シンフォギアGX OP,水樹奈々,えみち,よろしくお願いします！,2026/1/11
冨塚部屋,43,二人の銀座三丁目,爆れつハンターWhipⅠ IN,真殿光昭・粱田清之,だんちょう,,2026/1/11
けんしん部屋,42,I,僕のヒーローアカデミア FINAL SEASON ED,GUMI,みなぴー,,2026/1/11
けんちぃ部屋,42,誰がために,サイボーグ009,成田賢、こおろぎ'73,ウル,,2026/1/11
tukinowa部屋,42,【ニコカラ】 「仮面ライダーウィザード」Life is SHOW TIME 【Off Vocal】 - ニコニコ動画 GINZA,-,,藤原,,2026/1/11
成田部屋,42,SPARK-AGAIN,炎炎ノ消防隊 OP 3,Aimer,みぃちゃん,,2026/1/11
芝ちゃん部屋,42,夢の舟乗り,キャプテン・フューチャー,ヒデ夕樹,KURO,,2026/1/11
ほっしー部屋,42,True Peak【第2期Ver2】,異修羅 OP2,前島麻由,アイス,一年の軌跡　よろしくお願いします。,2026/1/11
えみち部屋,42,マジLOVE2000% (Animelo Summer Live 2013),うたの☆プリンスさまっ♪ マジLOVE2000%,ST☆RISH,加古,,2026/1/11
冨塚部屋,42,YOU GET TO BURNING,機動戦艦ナデシコ OP 1,松澤由実,富井精市,,2026/1/11
けんしん部屋,41,ETERNAL BLAZE,魔法少女リリカルなのはA's OP,水樹奈々,→じょお,,2026/1/11
けんちぃ部屋,41,アパッチ野球軍_みんなみんな_坂本新兵_2ch_SPVC_ON,あ,,明（めい）,,2026/1/11
tukinowa部屋,41,帰ってきたウルトラマン【2ch off-on】(G) -団次郎 -帰ってきたウルトラマン,-,,tukinowa,,2026/1/11
成田部屋,41,Fire and Fear【《ver3.2・最終話まで》】,杖と剣のウィストリア OP,PENGUIN RESEARCH,成田,よろしくです,2026/1/11
芝ちゃん部屋,41,バースデイ・ソング,ログ・ホライズン In,五十鈴(CV松井恵理子),芝ちゃん,,2026/1/11
えみち部屋,41,祝福のカンパネラ,祝福のカンパネラ OP,"佐藤ひろ美,NANA",レイフ,よろしくお願いします。入れる方がいれば入ってください。,2026/1/11
冨塚部屋,41,REMEMBER 16,マクロス7,FIRE BOMBER,待雪,,2026/1/11
けんしん部屋,40,[LIVE STAGE ぼっち・ざ・ろっく！PART II 秀華祭] 星座になれたら（秀華祭 劇中歌Ver.）,,,YOGAN,,2026/1/11
けんちぃ部屋,40,その名もタクマ宇宙パイロット,惑星ロボ ダンガードA ED,ささきいさお,けんちぃ,,2026/1/11
tukinowa部屋,40,コブラ【2ch off-on】(G) -前野曜子 -スペースコブラ,こ,,→じょお,,2026/1/11
成田部屋,40,今は小さな蕾でも【ライブ映像 ～貴方が望むならOPEN～チャプター4・パート分け有り】,前橋ウィッチーズ IN,前橋ウィッチーズ,せれろん,宜しくお願いします,2026/1/11
芝ちゃん部屋,40,部屋移動の時間です,,,システム,,2026/1/11
ほっしー部屋,40,Reincarnation,無職の英雄 ～別にスキルなんか要らなかったんだが～ OP,花耶,アイス,,2026/1/11
えみち部屋,40,とう_東京ESP_飛蘭_東京ゼロハーツ__1_yo_off-on_st_,と,,おと,,2026/1/11
冨塚部屋,40,天使の絵の具,超時空要塞マクロス,飯島真理,睦月★セナ,3ターン目よろしくお願い致します!!,2026/1/11
けんしん部屋,39,Plazma【公式アニメMV】,機動戦士Gundam GQuuuuuuX OP,米津玄師,ぱにょ,,2026/1/11
tukinowa部屋,39,True Moon  キー変更：+4,星方天使 エンジェルリンクス ED,宮原理和子,ちゃがま,,2026/1/11
成田部屋,39,Resolution,機動新世紀ガンダムX OP,ROMANTIC MODE,ギン,,2026/1/11
芝ちゃん部屋,39,M八七 (シン・ウルトラマン_主題歌) 米津玄師 (2ch_VC_ON) UVR-MDX版,-,,鳥りん,,2026/1/11
ほっしー部屋,39,Prologue,素材採取家の異世界旅行記 OP,Nornis,みなぴー,,2026/1/11
えみち部屋,39,Trancing Pulse,アイドルマスター シンデレラガールズ,Triad Primus,如月朔耶,,2026/1/11
けんしん部屋,38,抜錨【3DMV】,プロジェクトセカイ カラフルステージ! feat. 初音ミク IM,Leo/need,けんしん,,2026/1/11
けんちぃ部屋,38,「ZENITH」,ミストラルージュ OP,園崎未恵,紫翠,,2026/1/11
tukinowa部屋,38,惑星ロボ ダンガードＡ_ささきいさお&ヤング･フレッシュ_すきだッダンガードＡ(UVR-on)【ハネケン】  キー変更： -1,-,,MAMORU,,2026/1/11
成田部屋,38,英雄故事,戦姫絶唱シンフォギアG,"立花響(CV:悠木碧),風鳴弦十郎(CV:石川英郎)",ミエロシ羊助,,2026/1/11
芝ちゃん部屋,38,おサカナになりたい～1000Wに願いを～,ときめきメモリアル Im,虹野沙希(CV. 菅原祥子),芝ちゃん,,2026/1/11
ほっしー部屋,38,名前のない怪物,PSYCHO-PASS ED 1,EGOIST,如月朔耶,,2026/1/11
冨塚部屋,38,3x3EYES,サザンアイズ(オリジナルサウンドトラック),TAKADABAND,だんちょう,,2026/1/11
けんしん部屋,37,プラットフォーム(最終話反映),永久のユウグレ OP,Uru,みなぴー,,2026/1/11
けんちぃ部屋,37,シルベ,勇者パーティを追い出された器用貧乏 OP,常闇トワ,ゆに,,2026/1/11
tukinowa部屋,37,愛の勇者たち【2ch off-on】(G) -佐々木功 -ザ・ウルトラマン,-,,→じょお,,2026/1/11
成田部屋,37,らしさ【公式アニメMV】,ひゃくえむ。,Official髭男dism,みぃちゃん,,2026/1/11
芝ちゃん部屋,37,ときめき★メテオストライク,銀河特急 ミルキー★サブウェイ IN,水無瀬ミナミ(田村ゆかり),せれろん,,2026/1/11
ほっしー部屋,37,神頼み,出禁のモグラ OP,syudou,揚丸,,2026/1/11
えみち部屋,37,kaleido proud fiesta,TIGER&BUNNY 2 OP,UNISON SQUARE GARDEN,ぱにょ,,2026/1/11
冨塚部屋,37,Tokyo Boogie Night,機動戦士SDガンダム MK-III ED,林原めぐみ・本多知恵子,富井精市,,2026/1/11
けんしん部屋,36,【キングダム】咆哮／友成空 ※公式MV bb213 (On-Off),-,,→じょお,,2026/1/11
けんちぃ部屋,36,Wondrous,ワンダンス ED,ELSEE,きりん,,2026/1/11
tukinowa部屋,36,宇宙空母・ブルーノア -大いなる海へ-【2ch off-on】(G) -川崎麻世 -宇宙空母ブルーノア,-,,tukinowa,,2026/1/11
芝ちゃん部屋,36,お願い！シンデレラ_アイドルマスター シンデレラガールズ_20周年記念公式PV_パート分け無し_(2ch on - メインボーカルoff)_bb083,お,,藤原,歌わなくて済むやつを入れていく作戦でどうだ,2026/1/11
ほっしー部屋,36,LEVEL5-judgelight-,とある科学の超電磁砲 OP2,fripSide,KURO,,2026/1/11
えみち部屋,36,"best day, best way【MV】  キー変更： -5",ノンタイアップ,LiSA,えみち,,2026/1/11
冨塚部屋,36,Twilight Winds,ガルフォース 地球章3 IN,渡辺菜生子,ミエロシ羊助,,2026/1/11
けんしん部屋,35,StarRingChild,機動戦士ガンダムUC RE:0096 ED 最終回に放映,Aimer,せんり,,2026/1/11
けんちぃ部屋,35,Singing,映画けいおん! ED,放課後ティータイム(日笠陽子),けんちぃ,,2026/1/11
tukinowa部屋,35,MY STORM [2tr VC-ON] 結城梨沙  キー変更：+4,アップルシード IM,,ちゃがま,,2026/1/11
成田部屋,35,最愛,神魂合体ゴーダンナー!!,堀江美都子,明（めい）,,2026/1/11
芝ちゃん部屋,35,シアワ星かわいい賛歌,キラッとプリ☆チャン IN,,おと,,2026/1/11
ほっしー部屋,35,一閃【_パート分け】,暗殺者である俺のステータスが勇者よりも明らかに強いのだが OP,VESPERBELL,アイス,如月さんお願いします。,2026/1/11
えみち部屋,35,誰彼スクランブル,Engage Kiss OP,halca,加古,,2026/1/11
冨塚部屋,35,Identity Crisis,新世紀GPXサイバーフォーミュラSAGA OP,CaYOCO,だんちょう,,2026/1/11
けんしん部屋,34,Metamorphoze～メタモルフォーゼ～【Ver2】,機動戦士Ζガンダム～星を継ぐ者～ A New Translation OP,GACKT,けんしん,>> 2ターン目はこの曲でラストです。 by けんしん,2026/1/11
けんちぃ部屋,34,サクラ,白華の檻-緋色の欠片4- 四季の詩 OP,藤田麻衣子,紫翠,,2026/1/11
tukinowa部屋,34,UFO戦士ダイアポロン OP_UFO戦士ダイアポロン_子門真人_2CH_画質UP版  キー変更： -2,-,,MAMORU,,2026/1/11
成田部屋,34,怪獣【ver3.0・最終話まで】,チ。 ―地球の運動について― OP,サカナクション,成田,,2026/1/11
芝ちゃん部屋,34,鯨,ふたつのスピカ,Buzy,鳥りん,,2026/1/11
ほっしー部屋,34,六等星,僕のヒーローアカデミア ED 13,ざらめ,みなぴー,,2026/1/11
えみち部屋,34,"Catch up, latency",風が強く吹いている OP,UNISON SQUARE GARDEN,みぃちゃん,,2026/1/11
冨塚部屋,34,初恋はかなわない,魔物ハンター妖子3 IN,吉田古奈美,富井精市,,2026/1/11
けんしん部屋,33,あんなに一緒だったのに,機動戦士ガンダムSEED ED 1,See-Saw,睦月★セナ,ガンダムしばりめちゃくちゃ楽しかったです!ありがとうございました!!,2026/1/11
けんちぃ部屋,33,アドレナ,花ざかりの君たちへ OP,YOASOBI,ゆに,,2026/1/11
tukinowa部屋,33,ポールのミラクル大作戦 OP_ポールの冒険_大杉久美子・コロムビアゆりかご会_2CH,ほ,,→じょお,,2026/1/11
成田部屋,33,THE REVO  キー変更：+4,僕のヒーローアカデミア OP,ポルノグラフィティ,和穂,,2026/1/11
芝ちゃん部屋,33,【ひみつのアイプリ】『』[わたしの大切にしてたこと]「六堂える（CV．川口莉奈）」(On-Off)(百合川),-,,芝ちゃん,,2026/1/11
ほっしー部屋,33,dis- 2006,無限のリヴァイアスOP,有坂美香,如月朔耶,,2026/1/11
えみち部屋,33,Q&Aリサイタル!,となりの怪物くん OP,戸松遥,ギン,純度100%,2026/1/11
冨塚部屋,33,I Remember You,沙羅曼蛇,茂村泰彦,ミエロシ羊助,,2026/1/11
けんしん部屋,32,BEYOND THE TIME(メビウスの宇宙を越えて),機動戦士ガンダム 逆襲のシャア ED,TM NETWORK,ウル,,2026/1/11
けんちぃ部屋,32,フリイジア,天官賜福 ED,雨宮天,きりん,,2026/1/11
tukinowa部屋,32,テッカマンの歌,宇宙の騎士テッカマンOP,水木一郎,tukinowa,,2026/1/11
成田部屋,32,THE DAY,僕のヒーローアカデミア OP 1,ポルノグラフィティ,はる,,2026/1/11
芝ちゃん部屋,32,超Easy Drive☆,ひみつのアイプリ IM,五十嵐じゅりあ(CV.土屋李央),せれろん,,2026/1/11
ほっしー部屋,32,醜い生き物,裏世界ピクニック OP,HoneyWorks feat.flower,揚丸,,2026/1/11
えみち部屋,32,Invisible Sensation,ボールルームへようこそ OP 2,UNISON SQUARE GARDEN,ぱにょ,,2026/1/11
冨塚部屋,32,Magical Beat!,秘境探検 ファム&イーリー RUIN・EXPLORER,松本梨香,だんちょう,,2026/1/11
けんしん部屋,31,Ash Like Snow,機動戦士ガンダム00 OP,the brilliant green,レイフ,,2026/1/11
けんちぃ部屋,31,Pastoral,羅小黒戦記 日本語吹替版主題歌,Aimer,けんちぃ,,2026/1/11
tukinowa部屋,31,FINALLY～ストリート・ダンサーに愛をこめて  キー変更：+4,ブラックマジックM-66 ED,北原優紀,ちゃがま,,2026/1/11
成田部屋,31,38 Silly-Go-Round (TVアニメ「.hackRoots」OPテーマ),30th Anniversary Yuki Kajiura LIVE vol.19 ～Kaji Fes.2023～ DAY2,,YOGAN,,2026/1/11
芝ちゃん部屋,31,OVA 機動戦士ガンダム 第08MS小隊 OP主題歌_嵐の中で輝いて_米倉千尋_4CH,-,,藤原,,2026/1/11
ほっしー部屋,31,Tone,この音とまれ! OP,蒼井翔太,KURO,,2026/1/11
えみち部屋,31,星がはじまる,アルゴナビス from BanG Dream! OP,Argonavis,えみち,,2026/1/11
冨塚部屋,31,永遠伝説,秘境探検 ファム&イーリー RUIN・EXPLORER IN,今野久美,富井精市,,2026/1/11
けんしん部屋,30,いつか空に届いて,機動戦士ガンダム0080 ポケットの中の戦争 OP,椎名恵,せんり,,2026/1/11
けんちぃ部屋,30,花よ夢見し,眠れる花は春をまつ。 イメージソング,nao,紫翠,,2026/1/11
tukinowa部屋,30,若草のシャルロット_若草のシャルロット_かおりくみこ_LD  キー変更： -2,-,,MAMORU,,2026/1/11
成田部屋,30,【THE IDOLM@STER】隣に…（ゲーム＋アニメ映像）／三浦あずさ  キー変更： -1,-,,明（めい）,ひさびさ...歌えるかな？,2026/1/11
芝ちゃん部屋,30,らしさ【公式アニメMV】  キー変更： -4,ひゃくえむ。,Official髭男dism,おと,,2026/1/11
ほっしー部屋,30,I,僕のヒーローアカデミア FINAL SEASON ED,GUMI,アイス,,2026/1/11
えみち部屋,30,Rising Hope,魔法科高校の劣等生 OP 1,LiSA,加古,,2026/1/11
冨塚部屋,30,Endless History,Ys II[天空の神殿] ED,南翔子,ミエロシ羊助,,2026/1/11
けんしん部屋,29,slash【最終話まで】,機動戦士ガンダム 水星の魔女 OP2,yama,けんしん,,2026/1/11
けんちぃ部屋,29,言伝,違国日記 ED,Bialystocks,ゆに,,2026/1/11
tukinowa部屋,29,地球へ・・・【2ch off-on】(G)(D) -ダ・カーポ -地球へ・・・,-,,→じょお,,2026/1/11
成田部屋,29,FAKEit,Fate/strange Fake -Whispers of Dawn- ED,SawanoHiroyuki[nZk]:Laco,成田,今期のFate凄く良い！,2026/1/11
芝ちゃん部屋,29,オトノケ【公式アニメMV】  キー変更：+1,ダンダダン OP,Creepy Nuts,鳥りん,,2026/1/11
ほっしー部屋,29,脈脈【最終話まで】,しゃばけ,KAFUNE,みなぴー,2人で歌っているように聞こえるので、パート分けがほしい。,2026/1/11
えみち部屋,29,"10% roll,10% romance",ボールルームへようこそ OP,UNISON SQUARE GARDEN,みぃちゃん,,2026/1/11
冨塚部屋,29,戦え!おたキング,おたくのビデオ,辻谷耕史,だんちょう,,2026/1/11
けんしん部屋,28,銀色Horizon,機動新世紀ガンダムX ED 3,中瀬聡美,睦月★セナ,30周年おめでとうございます!!何年ぶりに歌うのだろうかw,2026/1/11
けんちぃ部屋,28,ネオラダイト,ユア・フォルマ ED,9Lana,きりん,,2026/1/11
tukinowa部屋,28,愛の金字塔,六神合体ゴッドマーズ ED 1,樋浦一帆,ちゃがま,,2026/1/11
成田部屋,28,Shout Baby,僕のヒーローアカデミア ED,緑黄色社会,和穂,,2026/1/11
芝ちゃん部屋,28,【ひみつのアイプリ】『』[わいるど☆すたー]「八王子ビビ（CV.寺澤百花）　真実夜チィ（CV．大地薫）」(On-Off)(百合川)／ビビ＆チィバージョン,-,,芝ちゃん,,2026/1/11
ほっしー部屋,28,Little Bird,ぼくらの ED 1,石川智晶,如月朔耶,,2026/1/11
えみち部屋,28,Bright Burning Shout,Fate/EXTRA Last Encore OP,西川貴教,ギン,,2026/1/11
冨塚部屋,28,最初の勇気,竜機伝承 OP,今井由香,富井精市,,2026/1/11
けんしん部屋,27,哀戦士,機動戦士ガンダムⅡ 哀戦士編 ED,井上大輔,ウル,,2026/1/11
けんちぃ部屋,27,記憶,.hack//Liminality OP 4,See-Saw,けんちぃ,,2026/1/11
tukinowa部屋,27,マクロス【2ch off-on】(G) -藤原誠 -超時空要塞マクロス,ま,,tukinowa,,2026/1/11
成田部屋,27,SKETCH,僕のヒーローアカデミア ED 10,秋山黄色,はる,,2026/1/11
芝ちゃん部屋,27,きらめきのうた(シークレットフレンズ∞Ver)【パート分け有】,ひみつのアイプリ In,シークレットフレンズ∞,せれろん,芝ちゃん宜しく,2026/1/11
ほっしー部屋,27,カーテンコール,僕のヒーローアカデミア OP 13,優里,揚丸,,2026/1/11
えみち部屋,27,3月のライオン 2nd OP2_春が来てぼくら_UNISON SQUARE GARDEN_2CH,-,,ぱにょ,,2026/1/11
冨塚部屋,27,Rock me,MEGA TOKYO 2033 BUBBLE GUM CRISIS 6 RED EYE'S ED,坪倉唯子,ミエロシ羊助,,2026/1/11
けんしん部屋,26,暁の車  キー変更： -2,機動戦士ガンダムSEED IN,FictionJunction YUUKA,レイフ,,2026/1/11
けんちぃ部屋,26,一陣烈風,SHOGUN8 OP,Rita,紫翠,,2026/1/11
tukinowa部屋,26,闘士ゴーディアン OP_闘士ゴーディアン_塩見大治郎_2CH_画質UP版  キー変更： -1,-,,MAMORU,,2026/1/11
成田部屋,26,ring your bell,Fate/stay night Unlimited Blade Works ED 2,Kalafina,YOGAN,,2026/1/11
芝ちゃん部屋,26,紅蓮華,鬼滅の刃 OP,LiSA,藤原,,2026/1/11
ほっしー部屋,26,シュガーソングとビターステップ,血界戦線 ED,UNISON SQUARE GARDEN,KURO,,2026/1/11
えみち部屋,26,シュガーソングとビターステップ,血界戦線 ED,UNISON SQUARE GARDEN,えみち,,2026/1/11
冨塚部屋,26,エクセレント・チェンジ! 究極戦隊コウガマン,究極超人あ～る,山本正之,だんちょう,,2026/1/11
けんしん部屋,25,限りなき旅路,∀ガンダム ED 最終回に放映,奥井亜紀,せんり,,2026/1/11
けんちぃ部屋,25,Make Me Wonder,ダーウィン事変 OP,Official髭男dism,ゆに,,2026/1/11
tukinowa部屋,25,俺が正義だ! ジャスピオン [2ch OFF-ON] アイ高野,巨獣特捜ジャスピオン ブラジル同人MAD,,→じょお,,2026/1/11
成田部屋,25,ババーンと推参!バーンブレイバーン  キー変更： -3,勇気爆発バーンブレイバーン OP,ブレイバーン(鈴村健一),明（めい）,,2026/1/11
芝ちゃん部屋,25,Maybe the next waltz,ボールルームへようこそ ED 1,小松未可子,おと,,2026/1/11
ほっしー部屋,25,たゆたうままに,水属性の魔法使い ED,みさき,アイス,,2026/1/11
えみち部屋,25,いけないfool logic,鴨乃橋ロンの禁断推理 OP,UNISON SQUARE GARDEN,加古,,2026/1/11
冨塚部屋,25,辛島美登里,OVA 魔境外伝レディウス 挿入歌_Smile For You,3CH,富井精市,,2026/1/11
けんしん部屋,24,Resolution,機動新世紀ガンダムX OP,ROMANTIC MODE,けんしん,今年はガンダムX30周年！,2026/1/11
けんちぃ部屋,24,インフェリア,最後にひとつだけお願いしてもよろしいでしょうか ED,シユイ,きりん,,2026/1/11
tukinowa部屋,24,流星機ガクセイバー  キー変更：+4,流星機ガクセイバー OP,林原めぐみ,ちゃがま,,2026/1/11
成田部屋,24,カーテンコール,僕のヒーローアカデミア OP 13,優里,成田,,2026/1/11
芝ちゃん部屋,24,Force【パート分け有り・Ver2】,ワールドトリガー OP 1,TOMORROW X TOGETHER,鳥りん,,2026/1/11
ほっしー部屋,24,Cross heart～偽りのない気持ち(パート分け),機械じかけのマリー ED,マリー(東山奈央)&マリー2(小清水亜美),みなぴー,オンボーカルにしてあります。 もし、歌える人がいればお願いします。,2026/1/11
えみち部屋,24,【夜桜四重奏～ツキニナク～】「シャンデリア・ワルツ」[ED][UNISON SQUARE GARDEN][ON-VC],-,,みぃちゃん,,2026/1/11
冨塚部屋,24,まぼろしの街,レイナ剣狼伝説Ⅱ OP,橋本舞子,ミエロシ羊助,,2026/1/11
けんしん部屋,23,嵐の中で輝いて,機動戦士ガンダム第08MS小隊 OP,米倉千尋,睦月★セナ,ガンダムは名曲が多すぎてw,2026/1/11
けんちぃ部屋,23,残業体操,ギルドの受付嬢ですが、残業は嫌なのでボスをソロ討伐しようかと思います CS,アリナ・クローバー(CV.高橋李依)、ライラ(CV.芹澤優),けんちぃ,,2026/1/11
tukinowa部屋,23,ルパン三世その２【2ch off-on】(G) -チャーリー・コーセイ -ルパン三世,る,,tukinowa,,2026/1/11
成田部屋,23,キタカゼ  キー変更：+2,僕のヒーローアカデミア ED 11,SIX LOUNGE,和穂,,2026/1/11
芝ちゃん部屋,23,ラブ chu ユー!!,アニマル横町 Op,りぼんガール,芝ちゃん,,2026/1/11
ほっしー部屋,23,サヨナラ,最終兵器彼女 Another love song,谷戸由李亜,如月朔耶,,2026/1/11
えみち部屋,23,Phantom Joke,Fate/Grand Order -絶対魔獣戦線バビロニア- OP,UNISON SQUARE GARDEN,ギン,,2026/1/11
冨塚部屋,23,Funny Funny Little Girl,銀河お嬢様伝説ユナ～哀しみのセイレーン～ OP,横山智佐,だんちょう,,2026/1/11
けんしん部屋,22,勝利者たちの挽歌,機動武闘伝Gガンダム,,ウル,,2026/1/11
けんちぃ部屋,22,華の淑女,薔薇と椿 テーマソング,桐島ゆか,紫翠,,2026/1/11
tukinowa部屋,22,元気爆発ガンバルガー_yoshiko_元気爆発ガンバルガー(UVR-on)【ハネケン】  キー変更： -1,-,,MAMORU,,2026/1/11
成田部屋,22,ポラリス,僕のヒーローアカデミア 4期 OP OP,BLUE ENCOUNT,はる,,2026/1/11
芝ちゃん部屋,22,"HELLO, NEW YEAR!",あんさんぶるスターズ!!Music,MaM,せれろん,宜しくお願いします 正月にしか歌えない曲,2026/1/11
ほっしー部屋,22,オトノケ【_アニメMV版】,ダンダダン OP,Creepy Nuts,揚丸,,2026/1/11
えみち部屋,22,"夜桜四重奏 ～ホシノウミ～ - kid, I like quartet／UNISON SQUARE GARDEN(2ch)",-,,ぱにょ,,2026/1/11
冨塚部屋,22,あしたはいい日になる,ふしぎ遊戯 第一部 ED,佐藤朱美,富井精市,,2026/1/11
けんしん部屋,21,Realize  キー変更： -2,機動戦士ガンダムSEED OP 4,玉置成実,レイフ,,2026/1/11
けんちぃ部屋,21,オーバーラップ【第5期 ED】,青の祓魔師 終夜篇,シユイ,きりん,,2026/1/11
tukinowa部屋,21,スナフキンのうた【_【4コーラス101秒】】,ムーミン 挿入歌,西本裕行,→じょお,,2026/1/11
成田部屋,21,THIS ILLUSION,Fate/stay night Unlimited Blade Works ED 最終回に放映 第1期,LiSA,YOGAN,,2026/1/11
芝ちゃん部屋,21,線上のトリックスター【王様戦隊キングオージャー・ジェラミー・ブラシエリ(池田匡志)】,-,,藤原,,2026/1/11
ほっしー部屋,21,百花繚乱,薬屋のひとりごと OP,幾田りら,KURO,,2026/1/11
えみち部屋,21,オリオンをなぞる,TIGER & BUNNY,UNISON SQUASRE GARDEN,えみち,よろしくお願いしま！こういう時じゃないと逆に歌う機会がないやーつ,2026/1/11
冨塚部屋,21,TRAPS IN THE NIGHT,ザ・ボーグマン ラストバトル,山寺宏一,ミエロシ羊助,,2026/1/11
けんしん部屋,20,trust you,機動戦士ガンダム00 ED 4,伊藤由奈,せんり,,2026/1/11
けんちぃ部屋,20,あまのじゃく,幼馴染とはラブコメにならない ED,小玉ひかり,ゆに,,2026/1/11
tukinowa部屋,20,ガリアン・ワールド,機甲界ガリアン OP,EUROX,tukinowa,,2026/1/11
成田部屋,20,インパーフェクト【《アニメ映像-Ver2》ダイナゼノン】  キー変更：+3,SSSS.DYNAZENON OP,オーイシマサヨシ,明（めい）,,2026/1/11
芝ちゃん部屋,20,fantastic dreamer,この素晴らしい世界に祝福を! OP,Machico,おと,,2026/1/11
ほっしー部屋,20,真昼の月,最強の王様、二度目の人生は何をする? ED,seiza,アイス,よろしくお願いします。,2026/1/11
えみち部屋,20,桜のあと(all quartets lead to the?)【bb151】,夜桜四重奏～ハナノウタ～ op,UNISON SQUARE GARDEN(on-off),加古,,2026/1/11
冨塚部屋,20,So Bad Boy,魔物ハンター妖子,久川綾,だんちょう,待望のOVA,2026/1/11
けんしん部屋,19,Gの閃光,ガンダム Gのレコンギスタ ED,ハセガワダイスケ,けんしん,よろしくお願いします。,2026/1/11
けんちぃ部屋,19,ラケナリアの夢,魔術師クノンは見えている OP,ヰ世界情緒,けんちぃ,,2026/1/11
tukinowa部屋,19,ドリーム・シフト  キー変更：+4,絶対無敵ライジンオー OP,SILK,ちゃがま,,2026/1/11
成田部屋,19,スパートシンドローマー【公式アニメMV】,ウマ娘 シンデレラグレイ OP2,10-FEET,成田,,2026/1/11
ほっしー部屋,19,"化けの皮 feat. こぼ・かなえる, 重音テト, Giga & TeddyLoid【パート分けVer2】",グノーシア OP,MAISONdes,みなぴー,,2026/1/11
えみち部屋,19,fake town baby,血界戦線&BEYOND OP,UNISON SQUARE GARDEN,みぃちゃん,念願の田淵曲🎶 入れる人どうぞ✨,2026/1/11
冨塚部屋,19,組曲'神秘'天空編1,神秘の世界エルハザード IN,柊美冬,富井精市,OVA縛りスタートです。,2026/1/11
けんしん部屋,18,水の星へ愛をこめて,機動戦士Ζガンダム OP 2,森口博子,睦月★セナ,2ターン目!ガンダム縛りよろしくお願いいたします!!,2026/1/11
けんちぃ部屋,18,紅葉,きっと、澄みわたる朝色よりも、 OP,WHITE-LIPS,紫翠,,2026/1/11
tukinowa部屋,18,SHINING SOUL【2ch vc-on】(G) -清水咲斗子 -天空戦記シュラト  キー変更： -1,-,,MAMORU,,2026/1/11
成田部屋,18,僕のヒーローアカデミア 2nd OP2_空に歌えば_amazarashi_2CH  キー変更：+2,-,,和穂,,2026/1/11
芝ちゃん部屋,18,君色、僕色【_パート分け】,異世界かるてっと3 ED,鈴木このみ、伊東歌詞太郎,みなぴー,オンボーカルで入っています。 自分は鈴木このみを歌うので、 わかる方は伊東歌詞太郎をお願いします。,2026/1/11
けんしん部屋,17,ターン A ターン【G】,∀ガンダム OP 1,西城秀樹,ウル,,2026/1/11
けんちぃ部屋,17,若葉のころ,綺麗にしてもらえますか。 ED,清浦夏実,ゆに,,2026/1/11
tukinowa部屋,17,(魔法の天使クリィミーマミ)パジャマのままで[ED1][太田貴子][1983Q3][2ch Off-On],-,,→じょお,,2026/1/11
成田部屋,17,蕾,僕のヒーローアカデミア 7期 IM,Duca,はる,よろしくお願いします,2026/1/11
芝ちゃん部屋,17,綺麗。,綺麗にしてもらえますか。 OP,ゆう。,ゆに,,2026/1/11
ほっしー部屋,17,ピースサイン【公式アニメMV】,僕のヒーローアカデミア,米津玄師,加古,,2026/1/11
えみち部屋,17,どうかしてる【_アニメMV版】,ダンダダン(第2期) ED,WurtS,揚丸,,2026/1/11
冨塚部屋,17,JUST COMMUNICATION [T.V SIZE VERSION],新機動戦記ガンダムW OP,TWO-MIX,富井精市,,2026/1/11
けんしん部屋,16,ETERNAL WIND-ほほえみは光る風の中-  キー変更： -2,機動戦士ガンダムF91 ED,森口博子,レイフ,よろしくお願いします,2026/1/11
tukinowa部屋,16,TM NETWORK_RESISTANCE,-,,レイフ,,2026/1/11
成田部屋,16,青春コンプレックス,ぼっち・ざ・ろっく! OP,"結束バンド,長谷川育美",YOGAN,よろしくお願いします,2026/1/11
芝ちゃん部屋,16,ふたりキャンプ feat.SPECIAL OTHERS,ふたりソロキャンプ ED,オーイシマサヨシ,ちゃがま,,2026/1/11
ほっしー部屋,16,2CH ver04,映画 シン・ウルトラマン 主題歌_M八七_米津玄師,,だんちょう,,2026/1/11
えみち部屋,16,【ワンダンス】[ED]Wondrous／ELSEE ※パート分け有・公式MV・ED・OP・本編ちょいMAD bb223 (On-Off),-,,ブルーベリー,最近毎回歌っているー,2026/1/11
冨塚部屋,16,よーみ,PSゲーム_テイルズ オブ ファンタジア OP_夢は終わらない -こぼれ落ちる時の雫-,5CH,ウル,,2026/1/11
けんしん部屋,15,アタシのドレス【ver3.0・最終話まで】,メダリスト ED,ねぐせ。,ぱにょ,,2026/1/11
けんちぃ部屋,15,あいぞめ,地獄少女 二籠,,如月朔耶,,2026/1/11
tukinowa部屋,15,【工藤静香】_くちびるから媚薬_Off-On_工藤静香_しん,-,,紫翠,,2026/1/11
成田部屋,15,give me ♡ me  キー変更：+1,乙女ゲームの破滅フラグしかない悪役令嬢に転生してしまった…X ED,蒼井翔太,明（めい）,,2026/1/11
芝ちゃん部屋,15,絆創膏,ブサメンガチファイター Ed,金子みゆ,芝ちゃん,,2026/1/11
ほっしー部屋,15,プランA,逃げ上手の若君 OP,DISH//,hossy,,2026/1/11
えみち部屋,15,アタシのドレス【ver3.0・最終話まで】,メダリスト ED,ねぐせ。,えみち,,2026/1/11
冨塚部屋,15,STRAIGHT JET,IS<インフィニット・ストラトス> OP,栗林みな実,KURO,,2026/1/11
けんしん部屋,14,[蒼き鋼のアルペジオ -アルス・ノヴァ-] SAVIOR OF SONG／ナノ feat.MY FIRST STORY,,,YOGAN,,2026/1/11
けんちぃ部屋,14,METRO BAROQUE,BLOOD-C The Last Dark,,雪兎,急な参加でありがとうございました。,2026/1/11
tukinowa部屋,14,聖飢魔Ⅱ_蝋人形の館,-,,藤原,映像が…見たくて…,2026/1/11
芝ちゃん部屋,14,思い出話(パート分け有),うたごえはミルフィーユ OP,テトテ,みなぴー,オンボーカルで入れてあります。 パート分けわかる人がいれば。,2026/1/11
ほっしー部屋,14,桜風,3年Z組銀八先生,ぼっちぼろまる,はる,,2026/1/11
えみち部屋,14,光と影を抱きしめたまま,魔法騎士レイアース OP 3,田村直美,睦月★セナ,えみちさん、レイアースありがとうございます!!続きます♪,2026/1/11
冨塚部屋,14,タクト,takt op.Destiny OP,"まふまふ,gaku",アイス,,2026/1/11
けんしん部屋,13,Divine Spell,レガリア The Three Sacred Stars OP,TRUE,けんしん,,2026/1/11
けんちぃ部屋,13,キミの記憶,PERSONA3 THE MOVIE ED,川村ゆみ,ギン,,2026/1/11
tukinowa部屋,13,ぼくらの憧れライオンズ【西鉄ライオンズ・子門真人】,ほ,,ミエロシ羊助,,2026/1/11
成田部屋,13,あなたのキスを数えましょう ～You were mine～  キー変更：+2,アレクサンダー戦記,小柳ゆき『on-off』,おと,歴史もの,2026/1/11
芝ちゃん部屋,13,ラケナリアの夢,魔術師クノンは見えている OP,ヰ世界情緒,ゆに,,2026/1/11
ほっしー部屋,13,スピード,NARUTO-ナルト- ED 10,アナログフィッシュ,和穂,,2026/1/11
えみち部屋,13,救世主,悲劇の元凶となる最強外道ラスボス女王は民の為に尽くします。 OP,月詠み,みぃちゃん,再放送やってるのでよろしく⸜(* * )⸝,2026/1/11
冨塚部屋,13,Moon,∀ガンダム,Gabriela Robin,富井精市,,2026/1/11
けんしん部屋,12,Bang! Bang! Bang!,アイドリッシュセブン,ZOOL,せれろん,,2026/1/11
けんちぃ部屋,12,雲雀,ロード・エルメロイⅡ世の事件簿 魔眼蒐集列車 Grace note ED,ASCA,けんちぃ,,2026/1/11
tukinowa部屋,12,終わらないSun Set,本人 ライブビデオ,吉川晃司,tukinowa,,2026/1/11
成田部屋,12,Alchemy(SiL ver),ヘブンバーンズレッド IN,She is Legend,nai,,2026/1/11
芝ちゃん部屋,12,雨と,雨と君と OP,鈴木真海子,ちゃがま,,2026/1/11
ほっしー部屋,12,KICK BACK,チェンソーマン OP,米津玄師,加古,,2026/1/11
えみち部屋,12,ハイスクール！奇面組_うしろゆびさされ組_うしろゆびさされ組(off)【ハネケン】,は,,揚丸,,2026/1/11
冨塚部屋,12,太陽の楽園～Promised Land～,マーメイドメロディーぴちぴちピッチ OP 1,神戸みゆき,ウル,,2026/1/11
けんしん部屋,11,朔の贄,贄姫と獣の王 OP 1,BIN,がんのす,,2026/1/11
けんちぃ部屋,11,悲しみの向こうへ,School Days ED,いとうかなこ,如月朔耶,,2026/1/11
tukinowa部屋,11,【工藤静香】_恋一夜_Off-On_工藤静香_※1990年コンサート_しん,-,,レイフ,,2026/1/11
成田部屋,11,アタシのドレス【ver3.0・最終話まで】,メダリスト ED,ねぐせ。,成田,,2026/1/11
芝ちゃん部屋,11,ごはん食べヨ,野原ひろし 昼メシの流儀 Op,Mega Shinnosuke,芝ちゃん,,2026/1/11
ほっしー部屋,11,曇天,銀魂,,だんちょう,,2026/1/11
えみち部屋,11,【最後にひとつだけお願いしてもよろしいでしょうか】[op]戦場の華／CHiCO with HoneyWorks(On-Off) bb203,-,,ブルーベリー,,2026/1/11
冨塚部屋,11,Hurray!!,ボールパークでつかまえて! OP,GENIC,KURO,,2026/1/11
けんしん部屋,10,Nameless Story_寺島拓篤_転生したらスライムだった件,-,,ぱにょ,,2026/1/11
けんちぃ部屋,10,Broken Sky,無能なナナ OP,富田美憂,雪兎,,2026/1/11
tukinowa部屋,10,中森明菜_スローモーション,-,,紫翠,,2026/1/11
成田部屋,10,BORN,シュヴァリエ OP,奥田美和子,せんり,,2026/1/11
芝ちゃん部屋,10,GORI☆GORI Feez e-Girl!!【パート分け有り】,まったく最近の探偵ときたら ED,"真白(CV:花澤香菜),愉快なおじさんたち(CV:杉田智和)",みなぴー,オンボーカルで入れてあります。 自分は花澤香菜を歌うので、 杉田をお願い出来れば。,2026/1/11
ほっしー部屋,10,けっかおーらい,ヴィジランテ -僕のヒーローアカデミア ILLEGALS- Op,こっちのけんと,hossy,,2026/1/11
えみち部屋,10,ゆずれない願い  キー変更： -3,魔法騎士レイアース OP 1,田村直美,えみち,自分も懐かしい曲を…,2026/1/11
冨塚部屋,10,COLORS,コードギアス 反逆のルルーシュ OP,FLOW,アイス,,2026/1/11
けんしん部屋,9,[リスアニ! LIVE2024] from the edge／FictionJunction feat.LiSA,,,YOGAN,,2026/1/11
けんちぃ部屋,9,【グリザイアの果実】「Rainy veil」『やなぎなぎ』(2ch),-,,ギン,ここらへんが鬱なのか,2026/1/11
tukinowa部屋,9,季節が君だけを変える,本人 PV,BOOWY,藤原,,2026/1/11
成田部屋,9,青の魔法,青のオーケストラ Season2,チョーキューメイ,きりん,,2026/1/11
芝ちゃん部屋,9,Lavish!!,勇者パーティーにかわいい子がいたので、告白してみた。 OP,吉乃,ゆに,,2026/1/11
ほっしー部屋,9,HEROES,僕のヒーローアカデミア ED,Brian the Sun,はる,,2026/1/11
えみち部屋,9,君の知らない物語,化物語 ED 1,supercell featuring nagi,睦月★セナ,,2026/1/11
冨塚部屋,9,AURA(accoustic version),∀ガンダム ED,谷村新司,富井精市,,2026/1/11
けんしん部屋,8,君の神話～アクエリオン第二章【Ver2】,アクエリオンEVOL OP1,"AKINO,AKINO with bless4",けんしん,,2026/1/11
けんちぃ部屋,8,Lilium,エルフェンリート OP,野間久美子,けんちぃ,,2026/1/11
tukinowa部屋,8,湘南グラフィティ,湘南爆走族 主題歌,桃太郎,ミエロシ羊助,,2026/1/11
成田部屋,8,異世界こんちぇると【アニメ映像ver2.0・最終話まで・パート分け有り】,異世界かるてっと3 OP,"アインズ(CV:日野聡),カズマ(CV:福島潤),スバル(CV:小林裕介),ターニャ(CV:悠木碧)",nai,,2026/1/11
芝ちゃん部屋,8,絶対称賛!【パート分け有】  キー変更：+4,笑顔のたえない職場です。 OP,"ハコニワリリィ,HoneyWorks",ちゃがま,,2026/1/11
ほっしー部屋,8,だから、ひとりじゃない,僕のヒーローアカデミア,Little Glee Monster,和穂,,2026/1/11
えみち部屋,8,灯火のまにまに,かくりよの宿飯 OP 1,東山奈央,みぃちゃん,,2026/1/11
冨塚部屋,8,タッチ OP_ひとりぼっちのデュエット【2ch】夢工場,た,,ウル,,2026/1/11
けんしん部屋,7,フュージョン【3DMV】,プロジェクトセカイ カラフルステージ! feat. 初音ミク IM,DI:Verse,せれろん,,2026/1/11
けんちぃ部屋,7,ロストイノセント,ぼくらの,石川智晶,如月朔耶,,2026/1/11
tukinowa部屋,7,別れの街 (本人_PV) 鈴木雅之 (2ch_OFF_ON),-,,tukinowa,,2026/1/11
成田部屋,7,IRIS OUT【公式アニメMV】,劇場版 チェンソーマン レゼ篇,米津玄師,おと,同じく、いきなり無理な選曲失礼します。,2026/1/11
芝ちゃん部屋,7,アルカテイル,Summer Pockets OP,鈴木このみ,芝ちゃん,,2026/1/11
ほっしー部屋,7,カラフル-【パート分け】,魔法少女まどか☆マギカ叛逆の物語,ClariS,加古,,2026/1/11
えみち部屋,7,Campus mode!!【パート分け_bb173】,学園アイドルマスター ed,初星学園(9人ver、荊波、千奈、リーリヤ、手毬、咲季、ことね、清夏、広、麻央)(on-off),ブルーベリー,先取り田淵曲,2026/1/11
冨塚部屋,7,正解はひとつ!じゃない!!,探偵オペラ ミルキィホームズ OP,ミルキィホームズ,KURO,,2026/1/11
けんしん部屋,6,Never Fear,人間不信の冒険者たちが世界を救うようです ED,阿部真央,がんのす,,2026/1/11
けんちぃ部屋,6,DEAREST DROP,終末なにしてますか? 忙しいですか? 救ってもらっていいですか? OP,田所あずさ,雪兎,よろしくお願いしますm(_ _)m,2026/1/11
tukinowa部屋,6,やがて愛の日が(cut&コーラス入-on) ／ 必殺仕置人 ED ／ 三井由美子_けんちぃ_096,や,,紫翠,,2026/1/11
成田部屋,6,AIZO,呪術廻戦(死滅回游 前編) OP,King Gnu,成田,いきなり無理な選曲で,2026/1/11
芝ちゃん部屋,6,奇跡なんかいらない【パート分け】,無職の英雄 ～別にスキルなんか要らなかったんだが～ ED,ウタヒメドリーム オールスターズ,みなぴー,オンボーカルで入れてます。 パート分け出来れば。,2026/1/11
ほっしー部屋,6,JANE DOE,劇場版チェンソーマンレゼ篇 ED,"米津玄師, 宇多田ヒカル",だんちょう,かこさんお願いします！,2026/1/11
えみち部屋,6,とおりゃんせ  キー変更： -4,かくりよの宿飯 弐 OP,東山奈央,えみち,,2026/1/11
冨塚部屋,6,Fighter,鉄血のオルフェンズ OP4,KANA-BOON,アイス,,2026/1/11
けんしん部屋,5,Magic Writer【Ver2】,とあるおっさんのVRMMO活動記 OP,saji,ぱにょ,,2026/1/11
けんちぃ部屋,5,アシタノハナタチ,結城友奈は勇者である 大満開の章 OP,讃州中学勇者部,ギン,今日のゆゆゆ 高嶋さん誕生日おめでとうございます,2026/1/11
tukinowa部屋,5,ヴァージニティー,ドラマ リップスティック 挿入歌,REBECCA,藤原,,2026/1/11
成田部屋,5,Synchrogazer,戦姫絶唱シンフォギア OP,水樹奈々,せんり,,2026/1/11
芝ちゃん部屋,5,I need,「お前ごときが魔王に勝てると思うな」と勇者パーティを追放されたので、王都で気ままに暮らしたい ED,田中有紀,ゆに,,2026/1/11
ほっしー部屋,5,ゼッタイ歌姫宣言ッ!【パート分け有り】,プリンセッション・オーケストラ OP,オルケリア,hossy,よろしくおねがいします 1ターン目は13:40までです,2026/1/11
えみち部屋,5,風の翼,LORD of LORDS Ryu KNIGHT ADEU'S LEGEND OP,三重野瞳,睦月★セナ,1ターン目!懐かし系アニソンメインになりますが、よろしくお願いいたします♪😁,2026/1/11
冨塚部屋,5,荒野の果てまでも,大草原の小さな天使 ブッシュベイビー IM,沢靖英,富井精市,,2026/1/11
けんしん部屋,4,heavenly blue,アルドノア・ゼロ OP 1,Kalafina,YOGAN,よろしくお願いします,2026/1/11
けんちぃ部屋,4,dis- 2006,無限のリヴァイアスOP,有坂美香,けんちぃ,よろしく,2026/1/11
tukinowa部屋,4,KATSUMI_危険な女神,-,,レイフ,,2026/1/11
成田部屋,4,流星のナミダ,機動戦士ガンダムUC RE:0096,栗山千明,きりん,,2026/1/11
芝ちゃん部屋,4,Actor  キー変更：+4,SPY×FAMILY Season 3 ED,幾田りら,ちゃがま,,2026/1/11
ほっしー部屋,4,2CH,僕のヒーローアカデミア 2nd OP2_空に歌えば_amazarashi,,はる,よろしくお願いします,2026/1/11
えみち部屋,4,アンドロイドにくびったけ,かくして!マキナさん!! ED,Brave Mental Orchestra,みぃちゃん,今年もよろしくお願いします⸜(* * )⸝ 初手からやらかしますw,2026/1/11
冨塚部屋,4,うしろゆびさされ組,ハイスクール!奇面組,うしろゆびさされ組,ウル,,2026/1/11
けんしん部屋,3,グロウアップ・シャイン!【パート分け最終話まで】,ウマ娘 プリティーダービー ED 1,"スペシャルウィーク(CV:和氣あず未),サイレンススズカ(CV:高野麻里佳),トウカイテイオー(CV:Machico),ウオッカ(CV:大橋彩香),ダイワスカーレット(CV:木村千咲),ゴールドシップ(CV:上田瞳),メジロマックイーン(CV:大西沙織)",けんしん,よろしくお願いします。,2026/1/11
けんちぃ部屋,3,Blood teller,未来日記,飛蘭,如月朔耶,,2026/1/11
tukinowa部屋,3,LOOK_シャイニン・オン君が哀しい,-,,ミエロシ羊助,,2026/1/11
成田部屋,3,Resolution,機動新世紀ガンダムX OP,ROMANTIC MODE,nai,,2026/1/11
芝ちゃん部屋,3,戦場の華,最後にひとつだけお願いしてもよろしいでしょうか OP,CHiCO with HoneyWorks,芝ちゃん,,2026/1/11
ほっしー部屋,3,THE DAY,僕のヒーローアカデミア OP 1,ポルノグラフィティ,和穂,,2026/1/11
えみち部屋,3,インパーフェクト【《アニメ映像-Ver2》ダイナゼノン】,SSSS.DYNAZENON OP,オーイシマサヨシ,えみち,よろしくお願いします！,2026/1/11
冨塚部屋,3,Forever...,エレメンタル ジェレイド OP,savage genius,KURO,,2026/1/11
けんしん部屋,2,元祖!バンドリちゃんのテーマ【パート分け】,元祖!バンドリちゃん ED,"愛美,佐倉綾音,前島亜美,相羽あいな,伊藤美来",せれろん,宜しくお願いします,2026/1/11
tukinowa部屋,2,アスファルト・ジャングル (爆走!ドーベルマン刑事_主題歌) 黒沢年男 (2ch_VC_ON) UVR-MDX版,あ,,tukinowa,,2026/1/11
成田部屋,2,AIZO,呪術廻戦(死滅回游 前編) OP,King Gnu,test,,2026/1/11
芝ちゃん部屋,2,Make Me Wonder,ダーウィン事変 OP,Official髭男dism,みなぴー,オンタボーカルで練習します。,2026/1/11
ほっしー部屋,2,リンクス【パート分け】,魔法少女まどか☆マギカ IM,ClariS,加古,,2026/1/11
えみち部屋,2,【ソードアート・オンライン -オーディナル・スケール】Catch the Moment ／LiSA bb214 (On-Off),-,,ブルーベリー,>> よろしくお願いします by ブルーベリー,2026/1/11
冨塚部屋,2,カルマ_BUMP OF CHICKEN,PS2ゲーム_テイルズ オブ ジ アビス 主題歌,2CH,アイス,今年もよろしくお願いします。,2026/1/11
けんしん部屋,1,ゴールデンアフタースクール,ダイヤのA actⅡ ED,OxT,がんのす,よろしくお願いします,2026/1/11
けんちぃ部屋,1,とある科学の超電磁砲 OPメドレー(cut&コーラス入-on) ／ fripSide_8作(12分) ／ けんちぃ_090,と,,けんちぃ,,2026/1/11
tukinowa部屋,1,【同窓会】_CROSS ROAD_Off-On_Mr.Children,-,,レイフ,よろしくお願いします,2026/1/11
成田部屋,1,スゴすぎ前橋ウィッチーズ!【アニメ映像ver2.0・最終話まで・パート分け有り】,前橋ウィッチーズ OP,前橋ウィッチーズ,test,,2026/1/11
芝ちゃん部屋,1,So Far Away【パート分け_2パート_12話まで】,SI-VIS The Sound of Heroes OP,SI-VIS,ゆに,,2026/1/11
ほっしー部屋,1,夢の狩人,(G) -山形ユキオ -魔境伝説アクロバンチ,,だんちょう,よろしくお願いします！,2026/1/11
えみち部屋,1,モンダイナイトリッパー!,vtuber,名取さな,システム,てすと,2026/1/11
冨塚部屋,1,わかっていたはず,ふしぎ遊戯 IN,佐藤朱美,富井精市,,2026/1/11
タマ部屋,92,【わたしが恋人になれるわけないじゃん、ムリムリ!(※ムリじゃなかった！？) ～ネクストシャイン！～】[ED]ディア・マイ・スペシャル・プレシャス・マーベラス・スウィート・ダーリンズ(パート分け有)／クインテット,,,ハピネス・ナガシ・サイバードラゴン,,2026/1/10
タマ部屋,91,【ひなこのーと】かーてんこーる!!!!!(パート分け)(ver3)／劇団ひととせ(M・A・O、富田美憂、小倉唯、東城日沙子、高野麻里佳),,,タマ兄,,2026/1/10
タマ部屋,90,【私を喰べたい、ひとでなし 第4話ED】 太陽、なってあげよっか？(cut&コーラス入-on) ／ 社 美胡(CV.ファイルーズあい),,,ネム,,2026/1/10
タマ部屋,89,【Lv2からチートだった元勇者候補のまったり異世界ライフ】[ED]ユートピア学概論（パート分け）／DIALOGUE＋,,,にゃむい,,2026/1/10
タマ部屋,88,【沖縄で好きになった子が方言すぎてツラすぎる ED】 島人ぬ宝(cut&コーラス入-on)_パート分け ／ ひーなー(CV.鬼頭明里)&かーなー(CV.ファイルーズあい),,,はせ,,2026/1/10
タマ部屋,87,【天体のメソッド】星屑のインターリュード／fhana,,,るえ,,2026/1/10
タマ部屋,86,【無職の英雄 ～別にスキルなんか要らなかったんだが～】[ED]奇跡なんかいらない（パート分け）／ウタヒメドリーム オールスターズ,,,えみち,,2026/1/10
タマ部屋,85,【Summer Pockets】アルカテイル／鈴木このみ,,,加古,,2026/1/10
タマ部屋,84,【異世界かるてっと3 ED】 君色、僕色(cut&コーラス入-on)_パート分け ／ 鈴木このみ、伊東歌詞太郎,,,ツチヌコ,,2026/1/10
タマ部屋,83,【わんだふるぷりきゅあ!】-石井あみ 後本萌葉-しあわせえぼりゅ～しょん♡ ～こむぎ&いろはVer.～,,,ラキア,,2026/1/10
タマ部屋,82,お願いマッスル／紗倉ひびき（ファイルーズあい）、街雄鳴造（石川界人）／ダンベル何キロ持てる？,,,千秋,,2026/1/10
タマ部屋,81,【アイドルマスターシャイニーカラーズ】Shower of light／イルミネーションスターズ,,,なお,,2026/1/10
タマ部屋,80,【天空の城ラピュタ】[主題歌]君をのせて／井上あずみ,,,tksr,,2026/1/10
タマ部屋,79,うまぴょい伝説／ウマ娘／ウマ娘 プリティーダービー,,,ぴぴ,,2026/1/10
タマ部屋,78,【ウマ娘 プリティーダービー】CM - 走れウマ娘／和氣あず未、高野麻里佳、Machico、上田瞳、大空直美、渡部優衣、藤井ゆきよ、明坂聡美,,,CHRONO,,2026/1/10
タマ部屋,77,【ウマ娘 プリティーダービー Season 2】ユメヲカケル！(パート分け)／和氣あず未、高野麻里佳、Machico、大橋彩香、木村千咲、上田瞳、大西沙織,,,悠季・naoo,,2026/1/10
タマ部屋,76,サインはB -New Arrange Ver.-【パート分け有り】,【推しの子】 IN,B小町,ハピネス,,2026/1/10
タマ部屋,75,LIKE YOU o (ᐳᐸ = ᐳᐸ) o LOVE YOU?(パート分け)【ver2】,紫雲寺家の子供たち,紫雲寺家の子供たち,ネム,,2026/1/10
タマ部屋,74,【学園アイドルマスター】「仮装狂騒曲(パート分け有)」[IM][初星学園][2tr Off-On],-,,加古,,2026/1/10
タマ部屋,73,【顔に出ない柏田さんと顔に出る太田君】「百面相」[OP][はしメロ][2tr Off-On],,,ぬこ,,2026/1/10
タマ部屋,72,イージー?ハード?しかして進めっ!【パート分け-最終話反映】,弱キャラ友崎くん 2nd STAGE OP,DIALOGUE+,タマ兄,,2026/1/10
ながし部屋,72,虹色Passions!,ラブライブ! 虹ヶ咲学園スクールアイドル同好会 TVアニメOP,虹ヶ咲学園スクールアイドル同好会,サイバードラゴン,,2026/1/10
タマ部屋,71,Day of Bright Sunshine,失格紋の最強賢者 ED,中島由貴,ハピネス,,2026/1/10
ながし部屋,71,くもりガラスの向こう,マリア様がみてる 4thシーズン ED,引田香織,tksr,,2026/1/10
タマ部屋,70,かくしん的☆めたまるふぉ～ぜっ!,干物妹!うまるちゃん OP,土間うまる [田中あいみ],ネム,,2026/1/10
ながし部屋,70,UNDEAD,〈物語〉シリーズ オフ&モンスターシーズン ED,YOASOBI,CHRONO,,2026/1/10
タマ部屋,69,FUTURE SESSION,プリンセッション・オーケストラ Op,オルケリア,加古,,2026/1/10
タマ部屋,68,【Fate／Grand Order】「時計」[ED][坂本真綾][2tr Off-On],,,ぬこ,,2026/1/10
ながし部屋,68,Follow your arrows【Ver2】,ささやくように恋を唄う OP,笹倉かな,サイバードラゴン,,2026/1/10
タマ部屋,67,CANDY COLOR DAYS【パート分け】,ご注文はうさぎですか??,チマメ隊,タマ兄,,2026/1/10
ながし部屋,67,caramel ribbon cursetard【_パート分け】,〈物語〉シリーズ オフ&モンスターシーズン OP,千石撫子(花澤香菜)、斧乃木余接(早見沙織),tksr,,2026/1/10
タマ部屋,66,Darling in the Night,陰の実力者になりたくて! ED,七陰,ハピネス,,2026/1/10
ながし部屋,66,REVENGE【パート分け】,ゾンビランドサガ リベンジ IN,フランシュシュ,CHRONO,,2026/1/10
タマ部屋,65,Eternal Light,ラブライブ! 虹ヶ咲学園スクールアイドル同好会 アニメ2期第4話挿入歌,DiverDiva,ネム,,2026/1/10
ながし部屋,65,hem,明日ちゃんのセーラー服,福元幹(斉藤朱夏),ながし,,2026/1/10
タマ部屋,64,U&I,けいおん!!,放課後ティータイム(桜高軽音部),加古,,2026/1/10
ながし部屋,64,はじまりのセツナ【ver2】,明日ちゃんのセーラー服 OP,蠟梅学園中等部1年3組,サイバードラゴン,,2026/1/10
タマ部屋,63,【ホロライブ】「シルベ」[IM][常闇トワ][2tr Off-On],,,ぬこ,,2026/1/10
ながし部屋,63,ぽっぴんジャンプ♪,ご注文はうさぎですか? ED,チマメ隊,tksr,,2026/1/10
タマ部屋,62,Thankful【Ver1 暫定版 アニメ公式 MV】,笑顔のたえない職場です。 ED,Sizuk,タマ兄,,2026/1/10
ながし部屋,62,【忘却バッテリー】[op]ライラック／Mrs. GREEN APPLE(on-off) ※複合MAD ytbママ_bb235 (On-Off),-,,CHRONO,,2026/1/10
タマ部屋,61,Distortion!!,ぼっち・ざ・ろっく! ED1,"結束バンド,長谷川育美",ハピネス,,2026/1/10
ながし部屋,61,荊の薔薇,劇場版総集編 ガールズバンドクライ なぁ、未来。,トゲナシトゲアリ,ながし,,2026/1/10
タマ部屋,60,月並みに輝け,劇場総集編ぼっち・ざ・ろっく! Re: OP,"結束バンド,長谷川育美",ネム,,2026/1/10
ながし部屋,60,唱,ぷにるはかわいいスライム ED,ぷにる(CV.篠原侑),サイバードラゴン,,2026/1/10
タマ部屋,59,いつも心にながせを☆彡,プリンセッション・オーケストラ Im,一条ながせ(CV.橘杏咲),加古,,2026/1/10
ながし部屋,59,それゆけ!乙女の戦車道!!,ガールズ&パンツァー IM,あんこうチーム,tksr,,2026/1/10
タマ部屋,58,ラケナリアの夢,魔術師クノンは見えている OP,ヰ世界情緒,ぬこ,,2026/1/10
ながし部屋,58,気分上々↑↑【_最終12話版4人パート】,パリピ孔明 ED,96猫,CHRONO,,2026/1/10
タマ部屋,57,Won Chu Kiss Me!​​【カバー_パート分け_ANIMAX MUSIX 2025 YOKOHAMA】,桜Trick OP,天狼群,タマ兄,,2026/1/10
ながし部屋,57,ドッペルゲンガー(Lyric Video),劇場総集編ぼっち・ざ・ろっく! Re:Re:,結束バンド,ながし,,2026/1/10
千秋部屋,56,鎌倉STYLE,逃げ上手の若君,ぼっちぼろまる,千秋,,2026/1/10
タマ部屋,56,KING OF EVIL【パート分け】,ばっどがーる,天狼群,なお,,2026/1/10
ながし部屋,56,Ready to Rock,ロックは淑女の嗜みでして OP,BAND-MAID,サイバードラゴン,,2026/1/10
千秋部屋,55,Won Chu Kiss Me!​​【カバー_パート分け_ANIMAX MUSIX 2025 YOKOHAMA】,桜Trick OP,天狼群,にゃむい,,2026/1/10
タマ部屋,55,GO!GO!MANIAC,けいおん!! OP,天狼群,CHRONO,,2026/1/10
ながし部屋,55,かくしん的☆めたまるふぉ～ぜっ!,干物妹!うまるちゃん OP,土間うまる [田中あいみ],tksr,,2026/1/10
千秋部屋,54,Re:Re:(2016),僕だけがいない街 OP,ASIAN KUNG-FU GENERATION,はせ,,2026/1/10
タマ部屋,54,BAD SURPRISE(パート分け)【ver2.1】,ばっどがーる,天狼群,ゆーき,,2026/1/10
ながし部屋,54,青春コンプレックス,ぼっち・ざ・ろっく! OP,"結束バンド,長谷川育美",CHRONO,,2026/1/10
千秋部屋,53,銀の匙 Silver Spoon_スキマスイッチ_Hello Especially(UVR-on)【ハネケン】,-,,るえ,,2026/1/10
タマ部屋,53,超らぶふぉーえばーもあ,ばっどがーる Im,優谷優(CV.橘杏咲),naoo,,2026/1/10
ながし部屋,53,コードレス☆照れ☆PHONE,のうりん OP,草壁ゆか(CV:田村ゆかり),ぬこ,,2026/1/10
千秋部屋,52,歌いましょう鳴らしましょう_MyGO!!!!!_ANライブ_(2ch)_bb004,-,,なお,,2026/1/10
タマ部屋,52,きみのとなり,ばっどがーる,涼風涼(CV.松岡美里),タマ兄,,2026/1/10
ながし部屋,52,未来永劫【4話までで仮作成】,ワールドトリガー ED 1,神はサイコロを振らない,ネム,,2026/1/10
千秋部屋,51,NEVER SAY GOODBYE,ゴールデンカムイ OP4,ALI,千秋,最終章待ってました！,2026/1/10
タマ部屋,51,はーと掻き回してアゲル♡,ばっどがーる,瑠璃葉るら(CV.花井美春),なお,,2026/1/10
ながし部屋,51,めがもるふぉ～ぜ♡(パート分け有),東京ミュウミュウ にゅ～♡(2期) OP,Smewthie,るえ,,2026/1/10
千秋部屋,50,シアン・イノセンス,百姓貴族,FRAM,にゃむい,,2026/1/10
タマ部屋,50,SHINY DAYS【ver.2】,ゆるキャン△ OP,亜咲花,CHRONO,,2026/1/10
ながし部屋,50,STAY FREE【Ver2】,この素晴らしい世界に爆焔を! OP,Machico,ラキア,,2026/1/10
千秋部屋,49,星屑のインターリュード,天体のメソッド ED 1,fhána,はせ,,2026/1/10
タマ部屋,49,【花ざかりの君たちへ】「アドレナ」[OP][YOASOBI][アニメ][悠季],,,ゆーき,,2026/1/10
ながし部屋,49,Legato【103期3月度Fes×Live映像】,ラブライブ!蓮ノ空女学院スクールアイドルクラブ 1stフルアルバム,蓮ノ空女学院スクールアイドルクラブ,ながし,,2026/1/10
千秋部屋,48,SOMEONE ELSE(パート分け),WORKING!!,種島ぽぷら,るえ,店見てきたよ,2026/1/10
タマ部屋,48,不器用に 君のとなり【最終話まで】,不器用な先輩。 ED,前島亜美,naoo,,2026/1/10
ながし部屋,48,LINK UP!!!,響け!ユーフォニアム2 IM,北宇治カルテット,ぬこ,,2026/1/10
千秋部屋,47,ホントトウソ,機械じかけのマリー,春茶,なお,,2026/1/10
タマ部屋,47,U.M.A. NEW WORLD!!【2パート分け】,ウマ娘 プリティーダービー,スペシャルウィーク、オグリキャップ、ゴールドシップ、他,タマ兄,,2026/1/10
ながし部屋,47,純真Always,無彩限のファントム・ワールド ED,田所あずさ,ネム,,2026/1/10
千秋部屋,46,戦場の華,最後にひとつだけお願いしてもよろしいでしょうか,CHiCO with HoneyWorks,千秋,秋アニメで1番好きな曲,2026/1/10
タマ部屋,46,アブナイキオク【【パート分け】】,かぐや様は告らせたい 大人への階段 OP,"鈴木雅之,古賀葵",なお,,2026/1/10
ながし部屋,46,カラフル,劇場版 魔法少女まどか☆マギカ新編叛逆の物語 主題歌,ClariS,るえ,,2026/1/10
千秋部屋,45,ずっとBe with you,這いよれ!ニャル子さん,RAMMに這いよるニャル子さん,にゃむい,よろしくお願いします。北海道で,2026/1/10
タマ部屋,45,Phantom Joke,Fate/Grand Order -絶対魔獣戦線バビロニア- OP,UNISON SQUARE GARDEN,CHRONO,,2026/1/10
ながし部屋,45,I swear,デート・ア・ライブⅢ OP,sweet ARMS,ラキア,,2026/1/10
千秋部屋,44,Feel,サイレント・ウィッチ 沈黙の魔女の隠しごと OP,羊文学,はせ,,2026/1/10
タマ部屋,44,【ウマ娘 プリティーダービー】「Make debut!(パート分け有)」[OP][スピカ][2tr Off-On],-,,ゆーき,,2026/1/10
ながし部屋,44,不器用に 君のとなり【最終話まで】,不器用な先輩。,前島亜美,ながし,,2026/1/10
千秋部屋,43,Stargazer,天体のメソッド OP,Larval Stage Planning,るえ,,2026/1/10
タマ部屋,43,My Sweetie Dog,ばっどがーる キャラソン,水鳥亜鳥(cv花宮初奈),naoo,,2026/1/10
ながし部屋,43,とんずらいおっと,ぶいすぽっ! IM,英リサ・藍沢エマ・紫宮るな・小森めと,ぬこ,,2026/1/10
千秋部屋,42,ゆらゆらワンダフルワールド,シャインポスト,ゆらゆらシスターズ,なお,,2026/1/10
タマ部屋,42,PRISMATIC SPURT!!!!【アニメ映像・パート分け有り】,ウマ娘 プリティーダービー 新時代の扉 IN,"ジャングルポケット(CV:藤本侑里),アグネスタキオン(CV:上坂すみれ),ダンツフレーム(CV:福嶋晴菜),マンハッタンカフェ(CV:小倉唯)",タマ兄,,2026/1/10
ながし部屋,42,メロウ【Ver2】,スキップとローファー OP,須田景凪,ネム,,2026/1/10
千秋部屋,41,ハイライト・ハイライト,くノ一ツバキの胸の内 OP,the peggies,千秋,よろしくお願いしますー,2026/1/10
タマ部屋,41,ふたり【アニメ映像ver2.0・最終話まで】,ウマ娘 シンデレラグレイ ED2,"オグリキャップ(CV:高柳知葉),タマモクロス(CV:大空直美)",なお,,2026/1/10
ながし部屋,41,いちごコンプリート【4パート分け】,苺ましまろ OP,"千葉紗子,折笠富美子,川澄綾子,能登麻美子",るえ,,2026/1/10
千秋部屋,40,シュガリー・ストーリー,悪食令嬢と狂血公爵,AVAM,サイバードラゴン,誰も歌わないなあこの曲,2026/1/10
タマ部屋,40,かえして！ニーソックス（泉こなた(平野綾)・柊かがみ(加藤英美里)・柊つかさ(福原香織)・高良みゆき(遠藤綾)）[on-off].,か,,CHRONO,,2026/1/10
ながし部屋,40,ありふれてたい,アルマちゃんは家族になりたい,花譜,ラキア,,2026/1/10
千秋部屋,39,うまぴょい伝説 (MAD_ゴールドシップ) (パート分けあり),ウマ娘 プリティーダービー,ウマ娘+トレーナー,ぴぴ,,2026/1/10
タマ部屋,39,sugar sweet nightmare,化物語 OP 5,羽川翼(CV:堀江由衣),tksr,,2026/1/10
ながし部屋,39,I,僕のヒーローアカデミア FINAL SEASON ED,GUMI,ながし,,2026/1/10
千秋部屋,38,グライド,終末ツーリング,Myuk,千秋,アニメも曲もよかった！,2026/1/10
タマ部屋,38,アイドル【コーラス字幕有】,【推しの子】 OP,YOASOBI,タマ兄,,2026/1/10
ながし部屋,38,レベルを上げて物理で殴る,野生のラスボスが現れた! OP,岸田教団&THE明星ロケッツ,ぬこ,,2026/1/10
千秋部屋,37,戦場の華【_last版】,最後にひとつだけお願いしてもよろしいでしょうか OP,CHiCO with HoneyWorks,ハピネス,,2026/1/10
タマ部屋,37,ウザ可愛くて何が悪い!,友達の妹が俺にだけウザい OP,赤見かるび,ぴぴ,,2026/1/10
ながし部屋,37,贄-nie-,私を喰べたい、ひとでなし,吉乃,ネム,,2026/1/10
千秋部屋,36,Wondrous,ワンダンス ED,ELSEE,サイバードラゴン,前期で超好きだった曲,2026/1/10
タマ部屋,36,アドレナ,花ざかりの君たちへ OP,YOASOBI,はせ,,2026/1/10
ながし部屋,36,Lavish!!,勇者パーティーにかわいい子がいたので、告白してみた。 OP,吉乃,naoo,,2026/1/10
千秋部屋,35,めにしゅき♡ラッシュっしゅ!,ウマ娘 プリティーダービー,カレンチャン(篠原侑)、スティルインラブ(宮下早紀)、フサイチパンドラ(佳原萌枝)、他,ぴぴ,,2026/1/10
タマ部屋,35,アネクドット,旗揚!けものみち ED,ももすももす,tksr,,2026/1/10
ながし部屋,35,ちょ、尊いLOVE【リリックビデオ映像(イラストベース)】,ラブライブ!蓮ノ空女学院スクールアイドルクラブ シャッフルユニットスプリットシングル,Ruri&To,ながし,,2026/1/10
千秋部屋,34,晴る,葬送のフリーレン,ヨルシカ,千秋,2期待っていました！,2026/1/10
タマ部屋,34,ハニーレモン(パート分け)【ver2】,紫雲寺家の子供たち,NACHERRY,タマ兄,,2026/1/10
ながし部屋,34,視界の隅 朽ちる音【アニメ映像】,ガールズバンドクライ IN,新川崎(仮),なお,,2026/1/10
千秋部屋,33,My Sweetie Dog,ばっどがーる キャラソン,水鳥亜鳥(cv花宮初奈),ハピネス,,2026/1/10
タマ部屋,33,恋のマジックポーション,ポーション、わが身を助ける,TRiDENT,はせ,,2026/1/10
ながし部屋,33,ブレイブリーダンス(MVver)【パート分け】,外れスキル《木の実マスター》,雪花ラミィ×アーリオ・オーリオ・エ・ペペロンチーノ,にゃむい,,2026/1/10
千秋部屋,32,BAD SURPRISE(パート分け)【ver2.1】,ばっどがーる,天狼群,サイバードラゴン,親の顔より聴いた曲,2026/1/10
タマ部屋,32,百面相,顔に出ない柏田さんと顔に出る太田君 OP,はしメロ,ぴぴ,,2026/1/10
ながし部屋,32,キミとわたしであるために,プリンセッション・オーケストラ Im,空野みなも(CV.葵あずさ),加古,,2026/1/10
千秋部屋,31,ピカループ,破産富豪 ED,眞白かのん,ぴぴ,,2026/1/10
タマ部屋,31,地平線ストライド(パート分け)【ver.2】,ヤマノススメ サードシーズン,あおい、ひなた、ここな、かえで,tksr,,2026/1/10
ながし部屋,31,デタラメなマイナスとプラスにおけるブレンド考,ブレンド・S ED,ブレンド・A,naoo,,2026/1/10
千秋部屋,30,フローズン【《アニメ映像Ver3.1・最終話まで》】,杖と剣のウィストリア ED,TRUE,千秋,,2026/1/10
タマ部屋,30,グライド,終末ツーリング ED,Myuk,タマ兄,,2026/1/10
ながし部屋,30,arrow,劇場版総集編 ガールズバンドクライ なぁ、未来。,トゲナシトゲアリ,ながし,,2026/1/10
千秋部屋,29,まっさかさマジック!,姫様“拷問”の時間です,shallm,ハピネス,,2026/1/10
タマ部屋,29,最新話,太陽よりも眩しい星,和ぬか,はせ,,2026/1/10
ながし部屋,29,ふたりぶん,渡くんの××が崩壊寸前 Op,shallm,なお,,2026/1/10
千秋部屋,28,ミギヒダリ,野生のラスボスが現れた!,長瀬有花,サイバードラゴン,前期で超好きだった曲,2026/1/10
タマ部屋,28,いいよ【2025 日本語吹替版 OP 編集版】,ある日、お姫様になってしまった件について,Daoko,ぴぴ,,2026/1/10
ながし部屋,28,壱雫空,BanG Dream! It's MyGO!!!!! OP,MyGO!!!!!,にゃむい,,2026/1/10
千秋部屋,27,ホントトウソ,機械じかけのマリー OP,春茶,ぴぴ,よろしくお願いします,2026/1/10
タマ部屋,27,とおりゃんせ,かくりよの宿飯 弐 OP,東山奈央,タマ兄,,2026/1/10
ながし部屋,27,百面相,顔に出ない柏田さんと顔に出る太田君 OP,はしメロ,加古,,2026/1/10
千秋部屋,26,【アイドルマスターミリオンライブ！シアターデイズ】DIAMOND JOKER／翼、まつり、貴音、恵美(パート分無on-off),-,,千秋,よろしくお願いしますー！,2026/1/10
タマ部屋,26,あなたでなくちゃ【【キャラクターMV、パート分け】】,カッコウの許嫁 Season2 ED,46225,tksr,,2026/1/10
ながし部屋,26,インフェリア,最後にひとつだけお願いしてもよろしいでしょうか ED,シユイ,naoo,,2026/1/10
千秋部屋,25,Full moon…!【第9話 挿入歌】,【推しの子】,有馬かな(CV:藩めぐみ),ハピネス,"明けましておめでとうございます。

よろしくお願いします。（3回目）

",2026/1/10
タマ部屋,25,yummy goodday,とんでもスキルで異世界放浪メシ2 OP,CENT,はせ,,2026/1/10
ながし部屋,25,命をくれよ,劇場版総集編 ガールズバンドクライ 青春狂走曲,トゲナシトゲアリ,ながし,,2026/1/10
千秋部屋,24,Lasting Moment,Summer Pockets ED,鈴木このみ,サイバードラゴン,,2026/1/10
タマ部屋,24,線香花火【パート分け】,ちゃんと吸えない吸血鬼ちゃん ED,"H△G,石川月菜(田中美海)",ぴぴ,,2026/1/10
ながし部屋,24,Misty=Missing You,シャインポスト 挿入歌,HY:RAIN,なお,,2026/1/10
千秋部屋,23,微熱S.O.S!!,アイドルマスター XENOGLOSSIA OP 1,橋本みゆき,CHRONO,,2026/1/10
タマ部屋,23,セキレイ,セキレイ OP,"早見沙織,井上麻里奈,花澤香菜,遠藤綾",tksr,,2026/1/10
ながし部屋,23,元祖!バンドリちゃんのテーマ【パート分け】,元祖!バンドリちゃん,愛美 佐倉綾音 前島亜美 相羽あいな 伊藤美来,にゃむい,,2026/1/10
千秋部屋,22,End of Days【Ver2 第3期 OP】,アークナイツ【焔燼曙明/RISE FROM EMBER】,ReoNa,ネム,,2026/1/10
タマ部屋,22,アブナイキオク【【パート分け】】,かぐや様は告らせたい 大人への階段 OP,"鈴木雅之,古賀葵",タマ兄,,2026/1/10
ながし部屋,22,けっかおーらい,ヴィジランテ -僕のヒーローアカデミア ILLEGALS- OP,こっちのけんと,加古,,2026/1/10
千秋部屋,21,Resolution,機動新世紀ガンダムX OP,ROMANTIC MODE,ラ,,2026/1/10
タマ部屋,21,リリィ【Ver1 暫定版 アニメ公式 MV】,私を喰べたい、ひとでなし ED,八百歳比名子(CV.上田麗奈),はせ,,2026/1/10
ながし部屋,21,あまのじゃく,幼馴染とはラブコメにならない ED,小玉ひかり,naoo,,2026/1/10
千秋部屋,20,【アイドルマスターミリオンライブ！シアターデイズ】パーフェクトゲーム／永吉昴(on-off),-,,千秋,,2026/1/10
タマ部屋,20,太陽、なってあげよっか?,私を喰べたい、ひとでなし 第4話ED,社 美胡(CV.ファイルーズあい),ぴぴ,,2026/1/10
ながし部屋,20,もう何もいらない未来,劇場版総集編 ガールズバンドクライ 青春狂走曲,トゲナシトゲアリ,ながし,,2026/1/10
千秋部屋,19,【２９歳独身中堅冒険者の日常】「君が灯してくれた光を今(feat.Hanon)」[OP][MARUMOCHI_from_HoneyWorks][アニメ][悠季],,,ゆーき,急いで作ってきました←,2026/1/10
タマ部屋,19,質問、恋って何でしょうか?【パート分け-公式アニメMV】,男女の友情は成立する?(いや、しないっ!!) OP,"HoneyWorks,ハコニワリリィ",tksr,,2026/1/10
ながし部屋,19,ETERNAL FLAME ～空の箱～,ガールズバンドクライ IN,ダイヤモンドダスト,なお,,2026/1/10
千秋部屋,18,未来への咆哮【『マブラヴ オルタネイティヴ』×『マブラヴ ガールズガーデン』 2025 10月28日コラボ曲】,マブラヴ オルタネイティヴ OP,JAM Project,CHRONO,,2026/1/10
タマ部屋,18,スマイルスキル=スキスキル!(パート分け)【ver2】,私、能力は平均値でって言ったよね!,赤き誓い,ラキア,,2026/1/10
ながし部屋,18,Wreath of Brave,Official Music Video,morfonica,にゃむい,,2026/1/10
千秋部屋,17,リリィ Another Ver【Ver2 暫定版 アニメ公式 MV】,私を喰べたい、ひとでなし,近江汐莉(CV:石川由依),ネム,石川由依verもいいよね,2026/1/10
タマ部屋,17,イツカノキオク【ver2】,くまクマ熊ベアー OP,和氣あず未,サイバードラゴン,,2026/1/10
ながし部屋,17,フィニステラー,Summer Pockets OP2,鈴木このみ,ゆーき,,2026/1/10
千秋部屋,16,月灯り,アカメが斬る! ED 2,雨宮天,ラ,,2026/1/10
タマ部屋,16,若葉のころ【Ver1 暫定版】,綺麗にしてもらえますか。 ED,清浦夏実,るえ,,2026/1/10
ながし部屋,16,アルカテイル,Summer Pockets OP,鈴木このみ,ながし,,2026/1/10
千秋部屋,15,明日は明日の風が吹く,姫様“拷問”の時間です,LEEVELLES,千秋,今期2期ですね！見てないけど←,2026/1/10
タマ部屋,15,カレーたんけん隊!【パート分け】,日々は過ぎれど飯うまし,小川しのん(CV.青山吉能)&比嘉つつじ(CV.乾夏寧)&星なな(CV.会沢紗弥),にゃむい,,2026/1/10
ながし部屋,15,贄-nie-,私を喰べたい、ひとでなし,吉乃,はせ,,2026/1/10
千秋部屋,14,ライアー,千歳くんはラムネ瓶のなか,kucci,ゆーき,,2026/1/10
タマ部屋,14,1ミリ Symphony,映画 この素晴らしい世界に祝福を!紅伝説 TM,Machico,ラキア,,2026/1/10
ながし部屋,14,ずっと、ぎゅっと,君のことが大大大大大好きな100人の彼女,好本静(長縄まりあ),ハピネス,,2026/1/10
千秋部屋,13,鈴木雅之_DADDY ! DADDY ! DO ! feat. 鈴木愛理,-,,CHRONO,,2026/1/10
タマ部屋,13,きらきらエブリディ【パート分け】,ご注文はうさぎですか?,チマメ隊,タマ兄,,2026/1/10
ながし部屋,13,失敗しないメンヘラの育て方,渡くんの××が崩壊寸前 Ed,平手友梨奈,ゆーき,,2026/1/10
千秋部屋,12,顔,BanG Dream! Ave Mujica,Ave Mujica,ネム,よろしくお願いします,2026/1/10
タマ部屋,12,ジェリーフィッシュな君へ,このヒーラー、めんどくさい,大西亜玖璃,サイバードラゴン,,2026/1/10
ながし部屋,12,ふたりぶん,渡くんの××が崩壊寸前 Op,shallm,ながし,,2026/1/10
千秋部屋,11,ドラマチックオーバーレイ,アルマちゃんは家族になりたい,ZAQ,ラキア,よろしくお願いします,2026/1/10
タマ部屋,11,Dear answer,桜子さんの足元には死体が埋まっている OP,TRUE,るえ,,2026/1/10
ながし部屋,11,ひとりごと,薬屋のひとりごと,omoinotake,はせ,,2026/1/10
千秋部屋,10,Thankful【Ver1 暫定版 アニメ公式 MV】,笑顔のたえない職場です。,Sizuk,千秋,よろしくお願いしますー,2026/1/10
タマ部屋,10,Sophie【Ave Mujica Official Music MV】,BanG Dream! Ave Mujica,,にゃむい,,2026/1/10
ながし部屋,10,Thankful【Ver1 暫定版 アニメ公式 MV】,笑顔のたえない職場です。,Sizuk,ハピネス,,2026/1/10
千秋部屋,9,スゴすぎ前橋ウィッチーズ!【アニメ映像ver2.0・最終話まで・パート分け有り】,前橋ウィッチーズ OP,前橋ウィッチーズ,ゆーき,よろろすおねがいするます！,2026/1/10
タマ部屋,9,ラケナリアの夢,魔術師クノンは見えている OP,ヰ世界情緒,タマ兄,,2026/1/10
ながし部屋,9,まっさかさマジック!,姫様“拷問”の時間です OP,shallm,ゆーき,,2026/1/10
千秋部屋,8,もうどうなってもいいや【ver3.0・最終話まで】,機動戦士Gundam GQuuuuuuX ED,星街すいせい,CHRONO,,2026/1/10
タマ部屋,8,メニメリ・メモリーズ!【パート分け】,mono OP,シネフォト部,サイバードラゴン,,2026/1/10
ながし部屋,8,プラットフォーム【最終話反映】,永久のユウグレ OP,Uru,ながし,,2026/1/10
千秋部屋,7,【BanG Dream!】コミュ着火Fire!／夢限大みゅーたいぷ(on-off),-,,加古,,2026/1/10
タマ部屋,7,わやわやわー!(Ver2),道産子ギャルはなまらめんこい,亜咲花,るえ,,2026/1/10
ながし部屋,7,勇者,葬送のフリーレン OP 1,YOASOBI,はせ,,2026/1/10
千秋部屋,6,Nocturne【LIVE映像(4thLIVE TriCastle Story)、パート分け有り】,Memories Off 2nd OP,水樹奈々,naoo,連続になりますが、片パートワンチャンありそうなこのターンで,2026/1/10
タマ部屋,6,Hide & Seek(ver2),RELEASE THE SPYCE ED,ツキカゲ(安齋由香里、沼倉愛美、藤田茜、洲崎綾、のぐちゆり、内田彩),にゃむい,,2026/1/10
ながし部屋,6,くすぐったい【最終話まで】,キミと越えて恋になる,CHiCO with HoneyWorks,ハピネス,,2026/1/10
千秋部屋,5,Hi-Vision,VIRTUAL GIRL @ WORLD'S END Op,夢限大みゅーたいぷ,千秋,2026年もよろしくお願いします！,2026/1/10
タマ部屋,5,Seize The Day,ゆるキャン△ SEASON2 OP,亜咲花,タマ兄,,2026/1/10
ながし部屋,5,星の鼓動,友達の妹が俺にだけウザい ED,こはならむ,ゆーき,,2026/1/10
千秋部屋,4,花になって,薬屋のひとりごと,緑黄色社会,tksr,"あけましておめでとうございます。

今年初の歌にこれを選びました。

まだ覚えたてなので、トチったら、ごめんなさい。

温かい目で見て耳で聞いてやってくださいまし。",2026/1/10
タマ部屋,4,光のすみか,瑠璃の宝石 OP,安田レイ,にゃむい,,2026/1/10
ながし部屋,4,Two Of Us,永久のユウグレ ED,Hana Hope,ながし,,2026/1/10
千秋部屋,3,君とつなぐオーケストラ【パート分け有り※アニメ映像】,プリンセッション・オーケストラ Ed,オルケリア,ツチヌコ,,2026/1/10
タマ部屋,3,旅しよ!don't you?(パート分け)【京都・粟島・伊勢編】,ざつ旅-That's Journey-,harmoe,タマ兄,,2026/1/10
ながし部屋,3,slash【最終話まで】,機動戦士ガンダム 水星の魔女 OP2,yama,はせ,,2026/1/10
千秋部屋,2,Synchrogazer,戦姫絶唱シンフォギア OP,水樹奈々,加古,,2026/1/10
タマ部屋,2,bookmarks (feat. 春茶)【Ver2 第11話まで】,ざつ旅-That's Journey-,Sizuk,にゃむい,,2026/1/10
ながし部屋,2,グライド,終末ツーリング,Myuk,ゆーき,,2026/1/10
千秋部屋,1,Happy New Yeah!【LIVE映像(6thLIVE MERRY-GO-ROUNDOME!!!)、パート分け無し】,アイドルマスターシンデレラガールズ IM,島村卯月、渋谷凛、本田未央、佐藤心、三村かな子,naoo,よろしくお願いします。新年一発目ということで,2026/1/10
タマ部屋,1,はるのとなり,ゆるキャン△ SEASON2 ED,佐々木恵梨,タマ兄,,2026/1/10
ながし部屋,1,アブナイキオク【パート分け】,かぐや様は告らせたい 大人への階段,鈴木雅之 feat. 古賀葵,ながし,,2026/1/10
